{"fopng/fisher_overlap/pearson":0.024903438985347748,"_runtime":426,"FOPNG FRECHET CORR MATRIX":{"_type":"image-file","sha256":"a1140cf6a4ac90382b5ccf2ed45e5f73decc44edf866aa14bf5068b2dba306e0","size":29348,"path":"media/images/FOPNG FRECHET CORR MATRIX_96_a1140cf6a4ac90382b5c.png","format":"png","width":800,"height":600},"_wandb":{"runtime":426},"fopng/eval/acc_task_3":0.499,"task":5,"fopng/global_epoch":85,"_timestamp":1.775597534271177e+09,"fopng/eval/acc_task_4":0.779,"fopng/train/rho_avg":0.9999947249889374,"_step":98,"fopng/fisher_overlap/cosine":0.02513573132455349,"fopng/eval/acc_task_5":0.853,"fopng/fisher/mean":5.2564435463864356e-05,"fopng/memory/G_cols":600,"fopng/eval/acc_task_1":0.521,"fopng/fisher/max":0.30000001192092896,"fopng/eval/bwt":-0.214,"fopng/fisher_overlap/topk_iou":0.34991119005328597,"fopng/eval/average_accuracy":0.6304000000000001,"fopng/train/loss":0.30260549299418926,"fopng/fisher/min":0,"task_completed":5,"fopng/eval/acc_task_2":0.5,"FOPNG Overlapping Accuracies (Colored)":{"width":1000,"height":600,"_type":"image-file","sha256":"00dc4365bb8b4fb86dad7ba212656a5e76d985e1bb319681046b1cce22bf4d58","size":82754,"path":"media/images/FOPNG Overlapping Accuracies (Colored)_97_00dc4365bb8b4fb86dad.png","format":"png"}}