{"task_completed":5,"fopng/train/rho_avg":0.9999999898545285,"fopng/eval/acc_task_1":0.548936170212766,"FOPNG Overlapping Accuracies (Colored)":{"size":91059,"path":"media/images/FOPNG Overlapping Accuracies (Colored)_45_5cf191a19a44fdf247e1.png","format":"png","width":1000,"height":600,"_type":"image-file","sha256":"5cf191a19a44fdf247e18e37457d527b017cda4ffd99779a4a0b62acfdce9f67"},"_step":46,"fopng/memory/G_cols":237,"fopng/fisher_overlap/pearson":4.9138856411445886e-05,"fopng/fisher/min":0,"fopng/fisher/mean":9.416319945998453e-10,"fopng/eval/acc_task_5":0.9899142713061019,"task":5,"_timestamp":1.7747067919615836e+09,"fopng/fisher/max":6.920206487848191e-06,"fopng/train/loss":0.04415932529051095,"fopng/fisher_overlap/cosine":0.0030494213569909334,"fopng/global_epoch":34,"_wandb":{"runtime":334},"fopng/fisher_overlap/topk_iou":0.12354246662204531,"_runtime":334,"fopng/eval/bwt":-0.30118879175770086,"fopng/eval/acc_task_2":0.5323212536728698,"fopng/eval/acc_task_3":0.7166488794023479,"fopng/eval/average_accuracy":0.7540394422098544,"fopng/eval/acc_task_4":0.9823766364551864}