{"fopng/global_epoch":19,"_wandb":{"runtime":131},"_runtime":131,"task":1,"_timestamp":1.7749650709047294e+09,"_step":19,"fopng/train/loss":0.196128873154521}