{"fopng/eval/average_accuracy":0.7101999999999999,"fopng/train/loss":0.39905997440218927,"_wandb":{"runtime":388},"fopng/global_epoch":49,"fopng/eval/acc_task_1":0.7655,"FOPNG Overlapping Accuracies (Colored)":{"width":1000,"height":600,"_type":"image-file","sha256":"fb9c9be06033075871e7dce81fc0baef4db7d53a35f777bb23ba8e6179d22529","size":78393,"path":"media/images/FOPNG Overlapping Accuracies (Colored)_60_fb9c9be06033075871e7.png","format":"png"},"fopng/eval/acc_task_4":0.751,"_runtime":388,"_timestamp":1.7749874525388985e+09,"fopng/memory/G_cols":1000,"fopng/fisher_overlap/topk_iou":0.3720246055094945,"fopng/eval/bwt":-0.07550000000000004,"task_completed":5,"fopng/eval/acc_task_5":0.8035,"task":5,"fopng/eval/acc_task_3":0.731,"fopng/fisher/mean":0.007633498404175043,"fopng/eval/acc_task_2":0.5,"fopng/train/rho_avg":0.9998447149991989,"fopng/fisher_overlap/cosine":0.6399173736572266,"fopng/fisher_overlap/pearson":0.5676503777503967,"_step":61,"fopng/fisher/min":0,"fopng/fisher/max":0.5927721261978149}