{"fopng/fisher_overlap/topk_iou":0.13484278818213086,"fopng/eval/acc_task_5":0.5099,"baseline/eval/acc_task_2":0.1185,"EWC Overlapping Accuracies (Colored)":{"path":"media/images/EWC Overlapping Accuracies (Colored)_80_beb8615ce5e517364c9b.png","format":"png","width":1000,"height":600,"_type":"image-file","sha256":"beb8615ce5e517364c9b71ee98cfa29e6923f5fa7f1ccef31972ed082f6dc232","size":109788},"ewc/eval/acc_task_4":0.5804,"_wandb":{"runtime":1821},"fopng/eval/acc_task_4":0.5695,"ewc/eval/acc_task_2":0.7623,"_runtime":1821,"fopng/eval/acc_task_6":0.5256,"fopng/train/loss":0.057599366202191915,"baseline/eval/acc_task_9":0.8975,"baseline/eval/acc_task_1":0.1054,"fopng/eval/acc_task_1":0.3912,"ewc/eval/average_accuracy":0.7747299999999999,"fopng/eval/acc_task_10":0.9688,"baseline/global_epoch":69,"ewc/eval/acc_task_10":0.9268,"ewc/eval/bwt":-0.1986,"baseline/train/loss":0.03448664040310243,"task_completed":10,"ewc/eval/acc_task_8":0.8724,"fopng/memory/G_cols":80,"fopng/eval/acc_task_2":0.2317,"fopng/eval/acc_task_9":0.9249,"baseline/eval/acc_task_10":0.9733,"ewc/eval/acc_task_3":0.8025,"_timestamp":1.7741892723614764e+09,"baseline/eval/acc_task_6":0.2912,"fopng/eval/bwt":-0.39175555555555563,"baseline/eval/acc_task_8":0.6426,"fopng/fisher/mean":5.8715329487313284e-08,"fopng/eval/acc_task_7":0.848,"baseline/eval/bwt":-0.6269222222222223,"fopng/fisher/min":0,"ewc/global_epoch":69,"Baseline Overlapping Accuracies (Colored)":{"sha256":"bdad784321dbfd9079b2284feec68a3dba39f770aea2da5013ff5f5f62e2f6be","size":142588,"path":"media/images/Baseline Overlapping Accuracies (Colored)_254_bdad784321dbfd9079b2.png","format":"png","width":1000,"height":600,"_type":"image-file"},"task":10,"ewc/eval/acc_task_1":0.7153,"ewc/train/loss":0.26051983850469973,"fopng/eval/acc_task_8":0.8931,"fopng/fisher_overlap/pearson":0.3950669467449188,"fopng/global_epoch":69,"ewc/eval/acc_task_6":0.791,"fopng/eval/acc_task_3":0.302,"baseline/eval/acc_task_5":0.2356,"fopng/train/rho_avg":0.999999984812889,"FOPNG Overlapping Accuracies (Colored)":{"height":600,"_type":"image-file","sha256":"e3226103af1535263dc4e16d51b943ebd0ae9daf7e8ccdb136531b1f87f22894","size":131476,"path":"media/images/FOPNG Overlapping Accuracies (Colored)_172_e3226103af1535263dc4.png","format":"png","width":1000},"fopng/fisher/max":6.985352229094133e-05,"baseline/eval/acc_task_3":0.2137,"fopng/eval/average_accuracy":0.61647,"baseline/eval/acc_task_7":0.4508,"fopng/fisher_overlap/cosine":0.5385271310806274,"ewc/train/ewc_penalty":0.7476070109587997,"ewc/eval/acc_task_7":0.8252,"ewc/eval/acc_task_9":0.8874,"_step":254,"ewc/eval/acc_task_5":0.584,"baseline/eval/acc_task_4":0.1805}