{"task_completed":4,"fopng/fisher/max":0.9020655751228333,"_runtime":163,"fopng/train/rho_avg":0.9681383550167084,"fopng/eval/acc_task_2":0.5225,"_timestamp":1.774913234369584e+09,"fopng/eval/acc_task_3":0.532,"fopng/eval/acc_task_4":0.6995,"_wandb":{"runtime":163},"fopng/eval/acc_task_1":0.8225,"fopng/memory/G_cols":1000,"fopng/fisher/min":0,"fopng/fisher_overlap/pearson":0.46064940094947815,"fopng/fisher_overlap/cosine":0.6399418115615845,"fopng/eval/acc_task_5":0.5,"_step":29,"task":5,"fopng/train/loss":6.582851254940033,"fopng/global_epoch":21,"fopng/eval/bwt":-0.04983333333333332,"fopng/fisher/mean":0.053742799907922745,"fopng/fisher_overlap/topk_iou":0.193717277486911}