{"_runtime":228,"fopng/fisher/max":0.3000004291534424,"_step":47,"_timestamp":1.7752228702897942e+09,"fopng/eval/acc_task_2":0.6209598432908913,"fopng/eval/average_accuracy":0.8992170483211254,"fopng/eval/acc_task_1":0.9839243498817967,"fopng/fisher/mean":6.818563269916922e-05,"fopng/fisher_overlap/pearson":9.151766425929964e-05,"fopng/eval/acc_task_4":0.9959718026183283,"fopng/train/loss":0.008417714652712172,"fopng/eval/acc_task_5":0.9939485627836612,"fopng/fisher_overlap/topk_iou":0.20609590077144155,"_wandb":{"runtime":228},"FOPNG Overlapping Accuracies (Colored)":{"path":"media/images/FOPNG Overlapping Accuracies (Colored)_46_651f51002e5bfd9263cb.png","format":"png","width":1000,"height":600,"_type":"image-file","sha256":"651f51002e5bfd9263cbcf486aaab1e1d24f2972bd7ae925f36c99ca216004fa","size":80274},"fopng/eval/bwt":-0.12171890749713796,"task_completed":5,"task":5,"fopng/global_epoch":34,"fopng/fisher/min":0,"fopng/memory/G_cols":300,"fopng/fisher_overlap/cosine":0.0005884377169422805,"fopng/eval/acc_task_3":0.9012806830309499,"fopng/train/rho_avg":0.9999998402088246,"FOPNG FRECHET CORR MATRIX":{"path":"media/images/FOPNG FRECHET CORR MATRIX_45_d69366db41d9c5d17a72.png","format":"png","width":800,"height":600,"_type":"image-file","sha256":"d69366db41d9c5d17a723ef7fdb28f65000c765c4e829bade22bac5893a16a92","size":31006}}