{"fopng/fisher/mean":0.0031527276150882244,"_wandb":{"runtime":138},"fopng/fisher_overlap/cosine":1,"fopng/eval/acc_task_2":0.5112634671890304,"fopng/global_epoch":11,"fopng/train/rho_avg":0.9999981286625067,"fopng/fisher/max":1,"fopng/fisher_overlap/pearson":1,"fopng/eval/acc_task_3":0.48665955176093917,"fopng/eval/acc_task_5":0.49067070095814425,"task_completed":1,"_runtime":138,"fopng/train/loss":0.2251006580578784,"fopng/fisher_overlap/topk_iou":1,"_step":13,"fopng/eval/acc_task_1":0.9976359338061466,"fopng/memory/G_cols":50,"task":2,"_timestamp":1.7747308265873244e+09,"fopng/fisher/min":0,"fopng/eval/acc_task_4":0.48539778449144005}