{"fopng/eval/acc_task_2":0.7448579823702253,"fopng/fisher_overlap/pearson":-1.4034556443220936e-05,"fopng/global_epoch":34,"_timestamp":1.7747085054643052e+09,"fopng/fisher/max":2.0256342395441607e-05,"fopng/fisher/min":0,"task_completed":5,"fopng/fisher/mean":1.0463797606163894e-09,"fopng/eval/bwt":-0.0738744653235387,"fopng/train/loss":0.012433553247358295,"fopng/memory/G_cols":237,"_runtime":114,"fopng/fisher_overlap/cosine":9.266199049307033e-05,"_wandb":{"runtime":114},"fopng/eval/acc_task_4":0.9964753272910373,"FOPNG Overlapping Accuracies (Colored)":{"path":"media/images/FOPNG Overlapping Accuracies (Colored)_45_b5d1cf958200933f0d37.png","format":"png","width":1000,"height":600,"_type":"image-file","sha256":"b5d1cf958200933f0d3781b53e35308c341f5d74387069562679058cd2ffca34","size":92182},"fopng/eval/acc_task_3":0.9941302027748132,"fopng/eval/average_accuracy":0.9351338894558815,"fopng/fisher_overlap/topk_iou":0.15210114388922336,"_step":46,"fopng/eval/acc_task_5":0.988905698436712,"task":5,"fopng/train/rho_avg":0.9998610958139947,"fopng/eval/acc_task_1":0.9513002364066194}