{"fopng/fisher_overlap/pearson":0.05010813847184181,"fopng/eval/acc_task_5":0.731,"fopng/eval/acc_task_4":0.541,"_timestamp":1.7749175732108972e+09,"fopng/fisher_overlap/cosine":0.05051276832818985,"fopng/eval/acc_task_2":0.744,"_runtime":351,"fopng/fisher/min":0,"task_completed":2,"task":2,"fopng/eval/acc_task_3":0.498,"fopng/fisher/mean":0.00011287123925285414,"fopng/train/rho_avg":0.9998656138777733,"fopng/eval/acc_task_1":0.911,"fopng/global_epoch":39,"_step":43,"fopng/fisher/max":1.0183452367782593,"fopng/train/loss":0.4684897899627686,"fopng/fisher_overlap/topk_iou":0.2343599615014437,"fopng/memory/G_cols":500,"_wandb":{"runtime":351},"fopng/eval/bwt":-0.012499999999999956}