{"fopng/fisher/max":0.8050100803375244,"_step":21,"fopng/train/rho_avg":0.935286982492967,"_runtime":47,"fopng/fisher_overlap/pearson":-0.04025809094309807,"fopng/eval/acc_task_3":0.5186766275346851,"fopng/eval/acc_task_2":0.45004897159647406,"fopng/fisher_overlap/cosine":0.2897549271583557,"task_completed":2,"task":3,"fopng/fisher/min":0,"fopng/fisher/mean":0.023255709558725357,"fopng/eval/acc_task_5":0.4881492687846697,"_wandb":{"runtime":47},"fopng/eval/acc_task_1":0.9990543735224586,"fopng/fisher_overlap/topk_iou":0.033762978488931145,"_timestamp":1.775147205084248e+09,"fopng/eval/bwt":-0.00047281323877068626,"fopng/global_epoch":17,"fopng/train/loss":5.559657313606956,"fopng/eval/acc_task_4":0.5176233635448136,"fopng/memory/G_cols":200}