{"fopng/fisher_overlap/cosine":1.3452191183205287e-07,"fopng/fisher/mean":6.7472651608113665e-06,"fopng/eval/acc_task_5":0.49117498739283916,"fopng/fisher_overlap/topk_iou":0.05983606557377049,"fopng/global_epoch":19,"fopng/eval/acc_task_4":0.5176233635448136,"fopng/eval/acc_task_2":0.5053868756121449,"_wandb":{"runtime":290},"task_completed":2,"_timestamp":1.7747191620687091e+09,"_runtime":290,"fopng/eval/acc_task_1":0.46335697399527187,"task":2,"fopng/fisher_overlap/pearson":-7.6473488661577e-06,"fopng/fisher/min":0,"fopng/memory/G_cols":98,"fopng/train/loss":0.7090778462588787,"fopng/eval/bwt":-0.5361702127659574,"_step":23,"fopng/train/rho_avg":0.999999888241291,"fopng/fisher/max":0.699999988079071,"fopng/eval/acc_task_3":0.5240128068303095}