{"fopng/eval/acc_task_2":0.5954946131243879,"_wandb":{"runtime":118},"fopng/memory/G_cols":237,"fopng/fisher/min":0,"fopng/fisher_overlap/pearson":2.1775838831672445e-05,"task_completed":5,"_timestamp":1.7747083070203156e+09,"fopng/eval/average_accuracy":0.8585124218462328,"_step":46,"fopng/eval/acc_task_1":0.766903073286052,"fopng/global_epoch":34,"_runtime":118,"fopng/eval/acc_task_3":0.9583778014941302,"fopng/eval/bwt":-0.17096858033823686,"fopng/train/loss":0.019384845929980268,"fopng/eval/acc_task_4":0.9823766364551864,"task":5,"fopng/fisher/max":2.1661292066710303e-06,"fopng/fisher_overlap/cosine":0.005850637331604958,"fopng/eval/acc_task_5":0.989409984871407,"fopng/fisher/mean":6.834812715794669e-10,"fopng/train/rho_avg":0.9999994622900131,"FOPNG Overlapping Accuracies (Colored)":{"_type":"image-file","sha256":"a93f6c1f4bbe5ba953b24d12e6a4608cccaff23efee08774e5f00e772eca156a","size":84895,"path":"media/images/FOPNG Overlapping Accuracies (Colored)_45_a93f6c1f4bbe5ba953b2.png","format":"png","width":1000,"height":600},"fopng/fisher_overlap/topk_iou":0.16893493292936204}