{"fopng/global_epoch":15,"_wandb":{"runtime":91},"fopng/fisher/max":0.7053900957107544,"fopng/train/loss":2.6368371084332467,"task":3,"fopng/fisher/mean":4.080299549968913e-05,"fopng/fisher_overlap/cosine":0.01186006423085928,"_step":19,"fopng/eval/acc_task_3":0.607,"_runtime":91,"task_completed":2,"fopng/eval/acc_task_2":0.715,"fopng/memory/G_cols":400,"fopng/fisher_overlap/topk_iou":0.6720990873533247,"fopng/train/rho_avg":0.9997858703136444,"fopng/eval/acc_task_4":0.5,"fopng/fisher_overlap/pearson":0.011789469048380852,"fopng/eval/acc_task_1":0.785,"fopng/eval/acc_task_5":0.7125,"fopng/eval/bwt":0.013500000000000068,"_timestamp":1.7756460703747053e+09,"fopng/fisher/min":0}