{"_runtime":80,"fopng/eval/acc_task_5":0.5421079172970247,"fopng/eval/acc_task_1":0.9981087470449173,"fopng/fisher_overlap/pearson":1,"_step":15,"fopng/global_epoch":13,"fopng/fisher_overlap/cosine":1,"fopng/fisher/min":0,"fopng/train/loss":3.228542849421501,"task":2,"fopng/fisher/mean":0.023451566696166992,"fopng/eval/acc_task_2":0.4691478942213516,"_wandb":{"runtime":80},"_timestamp":1.775145342572289e+09,"fopng/train/rho_avg":0.988446960846583,"fopng/fisher_overlap/topk_iou":1,"fopng/eval/acc_task_3":0.5256136606189968,"task_completed":1,"fopng/fisher/max":1,"fopng/memory/G_cols":100,"fopng/eval/acc_task_4":0.5176233635448136}