{"_runtime":282,"_step":61,"fopng/fisher/max":0.41460171341896057,"fopng/fisher_overlap/topk_iou":0.40355677154582764,"fopng/eval/acc_task_3":0.5075,"fopng/eval/average_accuracy":0.6414,"fopng/fisher_overlap/pearson":0.5850515961647034,"fopng/eval/acc_task_4":0.7775,"fopng/memory/G_cols":1250,"fopng/train/loss":0.3867983542382717,"fopng/fisher/mean":0.007141009904444218,"_wandb":{"runtime":282},"fopng/eval/acc_task_1":0.512,"fopng/train/rho_avg":0.999830225110054,"fopng/eval/acc_task_5":0.8085,"fopng/fisher/min":0,"_timestamp":1.774986645491971e+09,"fopng/global_epoch":49,"FOPNG Overlapping Accuracies (Colored)":{"_type":"image-file","sha256":"db7c8b21887d5b720751b7956ae6b195cb0dd1890d16719290deeeaaecce8b7d","size":87792,"path":"media/images/FOPNG Overlapping Accuracies (Colored)_60_db7c8b21887d5b720751.png","format":"png","width":1000,"height":600},"task":5,"fopng/fisher_overlap/cosine":0.6569613218307495,"fopng/eval/acc_task_2":0.6015,"task_completed":5,"fopng/eval/bwt":-0.17662500000000003}