{"_runtime":95,"fopng/memory/G_cols":200,"fopng/eval/acc_task_5":0.8668683812405447,"fopng/eval/bwt":-0.09108927395278968,"fopng/eval/acc_task_2":0.7370225269343781,"fopng/fisher_overlap/topk_iou":0.17885788209203474,"fopng/fisher/min":0,"FOPNG Overlapping Accuracies (Colored)":{"height":600,"_type":"image-file","sha256":"f5533a19fc7531e572f6513fca463cfd14a257eed5015b1c5f1d00411e9f7410","size":68614,"path":"media/images/FOPNG Overlapping Accuracies (Colored)_36_f5533a19fc7531e572f6.png","format":"png","width":1000},"fopng/fisher_overlap/cosine":0.6895976066589355,"fopng/fisher/max":0.521896243095398,"fopng/eval/acc_task_1":0.9971631205673759,"_wandb":{"runtime":95},"_timestamp":1.7751478485334857e+09,"fopng/global_epoch":24,"task":5,"fopng/train/rho_avg":0.9965682727225283,"fopng/fisher_overlap/pearson":0.37587636709213257,"fopng/train/loss":0.930417703821304,"fopng/fisher/mean":0.02166884019970894,"fopng/eval/acc_task_4":0.9350453172205438,"FOPNG FRECHET CORR MATRIX":{"format":"png","width":800,"height":600,"_type":"image-file","sha256":"4ca9aac4a335c32721d2691497e6ff70e7574b23d334d0eec358db261367b082","size":33041,"path":"media/images/FOPNG FRECHET CORR MATRIX_35_4ca9aac4a335c32721d2.png"},"_step":37,"fopng/eval/acc_task_3":0.5117395944503735,"task_completed":5,"fopng/eval/average_accuracy":0.8095677880826433}