{"fopng/eval/acc_task_1":0.9995271867612293,"_timestamp":1.775003341472009e+09,"fopng/fisher_overlap/pearson":1,"fopng/fisher_overlap/cosine":1,"fopng/global_epoch":6,"fopng/train/loss":0.0015057173543027603,"task_completed":1,"task":1,"fopng/eval/acc_task_3":0.5304162219850587,"_runtime":18,"_wandb":{"runtime":18},"fopng/eval/acc_task_4":0.5176233635448136,"fopng/fisher/min":0,"fopng/fisher/mean":0.01331279892474413,"fopng/eval/acc_task_5":0.5007564296520424,"fopng/memory/G_cols":100,"_step":8,"fopng/fisher_overlap/topk_iou":1,"fopng/fisher/max":1,"fopng/eval/acc_task_2":0.4666993143976494}