{"task":5,"_step":47,"fopng/fisher/mean":0.00011875571362907067,"_timestamp":1.7752222853090036e+09,"fopng/fisher/max":0.5000041723251343,"fopng/train/rho_avg":0.9992738594400122,"fopng/fisher_overlap/cosine":0.0628264918923378,"task_completed":5,"fopng/eval/acc_task_3":0.8121664887940235,"fopng/eval/acc_task_1":0.9990543735224586,"fopng/fisher/min":0,"fopng/eval/acc_task_2":0.8393731635651323,"fopng/fisher_overlap/pearson":0.06156707927584648,"_runtime":201,"fopng/fisher_overlap/topk_iou":0.1902818898813226,"fopng/eval/average_accuracy":0.8848614591246114,"fopng/eval/bwt":-0.031681597551628415,"fopng/memory/G_cols":200,"fopng/eval/acc_task_5":0.864851235501765,"FOPNG Overlapping Accuracies (Colored)":{"height":600,"_type":"image-file","sha256":"06c78317f02b850d02360b3df1f63d715032b76ae26db7800a797095c015c165","size":63072,"path":"media/images/FOPNG Overlapping Accuracies (Colored)_46_06c78317f02b850d0236.png","format":"png","width":1000},"fopng/global_epoch":34,"fopng/train/loss":0.7887231073480971,"FOPNG FRECHET CORR MATRIX":{"size":33826,"path":"media/images/FOPNG FRECHET CORR MATRIX_45_b17105c6d832022fa328.png","format":"png","width":800,"height":600,"_type":"image-file","sha256":"b17105c6d832022fa3280346caa03b84d631afbcc9831d37591a88b7ef05336a"},"_wandb":{"runtime":201},"fopng/eval/acc_task_4":0.9088620342396777}