{"fopng/train/rho_avg":0.9985635325312614,"fopng/eval/acc_task_5":0.5015,"fopng/train/loss":0.6111256934702396,"fopng/global_epoch":14,"task_completed":3,"_wandb":{"runtime":149},"fopng/eval/bwt":-0.03750000000000003,"_timestamp":1.774913520154904e+09,"task":3,"fopng/fisher_overlap/topk_iou":0.14694539153764463,"fopng/eval/acc_task_2":0.5035,"fopng/fisher/min":0,"fopng/eval/acc_task_1":0.8675,"fopng/fisher/mean":0.045914605259895325,"fopng/fisher_overlap/cosine":0.48489031195640564,"fopng/eval/acc_task_3":0.7,"_runtime":149,"fopng/fisher/max":0.9783352613449097,"fopng/memory/G_cols":750,"fopng/fisher_overlap/pearson":0.3045841157436371,"_step":20,"fopng/eval/acc_task_4":0.553}