{"fopng/eval/acc_task_5":0.4568835098335855,"task":2,"_runtime":149,"fopng/fisher/max":1,"fopng/fisher/mean":0.11972270905971527,"fopng/eval/acc_task_1":1,"fopng/train/rho_avg":0.9947272911667824,"fopng/eval/acc_task_4":0.5861027190332326,"task_completed":1,"fopng/eval/acc_task_3":0.5651013874066169,"_step":12,"fopng/global_epoch":10,"fopng/fisher/min":0,"_wandb":{"runtime":149},"fopng/fisher_overlap/topk_iou":1,"fopng/fisher_overlap/pearson":1,"fopng/eval/acc_task_2":0.47845249755142016,"fopng/fisher_overlap/cosine":1,"fopng/memory/G_cols":100,"_timestamp":1.7749142821123235e+09,"fopng/train/loss":4.527936741709709}