{"fopng/fisher/mean":0.013947997242212296,"fopng/fisher/min":0,"fopng/memory/G_cols":200,"_step":46,"fopng/global_epoch":34,"fopng/train/loss":0.09052990281835516,"fopng/fisher_overlap/pearson":-0.0001740386796882376,"fopng/eval/acc_task_1":0.9995271867612293,"fopng/eval/acc_task_2":0.9431929480901078,"_timestamp":1.7749171745295336e+09,"fopng/eval/acc_task_5":0.9652042360060514,"fopng/train/rho_avg":0.9999876491566921,"fopng/fisher_overlap/cosine":0.0006876797415316105,"fopng/eval/bwt":-0.015890390364640294,"task_completed":5,"_wandb":{"runtime":148},"fopng/eval/acc_task_3":0.9018143009605123,"task":5,"fopng/fisher_overlap/topk_iou":0.11987359550561798,"fopng/eval/acc_task_4":0.8877139979859013,"FOPNG Overlapping Accuracies (Colored)":{"format":"png","width":1000,"height":600,"_type":"image-file","sha256":"504c6147f2effb96f216778a65f51d63b64bc7dc8b0f443f1ab3fd4638d571c1","size":62999,"path":"media/images/FOPNG Overlapping Accuracies (Colored)_45_504c6147f2effb96f216.png"},"fopng/eval/average_accuracy":0.9394905339607604,"_runtime":148,"fopng/fisher/max":75.55726623535156}