{"fopng/fisher_overlap/pearson":0.00019230812904424965,"fopng/train/loss":0.04783422809014929,"FOPNG FRECHET CORR MATRIX":{"sha256":"f92baf86285b483dc5e8431a15f7cfdc18cd4a86747c29a5f2937d21f24137f2","size":30948,"path":"media/images/FOPNG FRECHET CORR MATRIX_35_f92baf86285b483dc5e8.png","format":"png","width":800,"height":600,"_type":"image-file"},"_runtime":118,"fopng/global_epoch":24,"fopng/memory/G_cols":300,"fopng/fisher/min":0,"task":5,"fopng/fisher/max":0.30000001192092896,"fopng/train/rho_avg":0.9999957883611639,"fopng/eval/average_accuracy":0.984417108371406,"_step":37,"_wandb":{"runtime":118},"fopng/eval/bwt":-0.008729401763809319,"fopng/eval/acc_task_4":0.9929506545820745,"fopng/eval/acc_task_1":0.9962174940898345,"FOPNG Overlapping Accuracies (Colored)":{"sha256":"ec4117f1b0c590cdbc25dc99a4187fd712c435127b77612ef20d76a71dd49853","size":70835,"path":"media/images/FOPNG Overlapping Accuracies (Colored)_36_ec4117f1b0c590cdbc25.png","format":"png","width":1000,"height":600,"_type":"image-file"},"task_completed":5,"fopng/fisher_overlap/topk_iou":0.15884069906863518,"fopng/eval/acc_task_2":0.9647404505386875,"fopng/fisher_overlap/cosine":0.00046723277773708105,"fopng/eval/acc_task_3":0.9898612593383138,"_timestamp":1.7752235114056838e+09,"fopng/fisher/mean":6.500910239992663e-05,"fopng/eval/acc_task_5":0.978315683308119}