{"_runtime":566,"fopng/fisher_overlap/topk_iou":1,"fopng/fisher/mean":3.2306691082339967e-06,"fopng/eval/acc_task_4":0.5,"fopng/eval/acc_task_3":0.5,"fopng/memory/G_cols":300,"fopng/global_epoch":37,"fopng/fisher/min":0,"_wandb":{"runtime":566},"fopng/eval/acc_task_1":0.5,"fopng/fisher_overlap/pearson":-2.7167586722498527e-06,"fopng/eval/acc_task_2":0.5,"task":4,"fopng/train/rho_avg":0.9999999538064003,"_step":43,"fopng/fisher/max":0.5000007152557373,"task_completed":3,"_timestamp":1.7747462671525898e+09,"fopng/train/loss":0.7423588693141937,"fopng/fisher_overlap/cosine":1.8548461184764164e-06,"fopng/eval/bwt":0,"fopng/eval/acc_task_5":0.4995}