{"_step":1,"fopng/train/loss":0.4916311249136925,"_wandb":{"runtime":9},"_runtime":9,"fopng/global_epoch":1,"task":1,"_timestamp":1.7749659982152374e+09}