{"fopng/global_epoch":3,"task":1,"_timestamp":1.7747453659836378e+09,"_step":3,"fopng/train/loss":0.6962684497237206,"_wandb":{"runtime":22},"_runtime":22}