{"fopng/memory/G_cols":200,"fopng/eval/acc_task_4":0.5176233635448136,"fopng/train/loss":6.730981490828774,"fopng/train/rho_avg":0.9995278851552443,"fopng/eval/bwt":-0.00047281323877068626,"_step":18,"fopng/eval/acc_task_2":0.921645445641528,"fopng/global_epoch":14,"fopng/fisher_overlap/pearson":0.007771980948746204,"task":3,"fopng/fisher/mean":0.00015227292897179723,"fopng/eval/acc_task_5":0.4962178517397882,"fopng/eval/acc_task_3":0.5154749199573105,"fopng/eval/acc_task_1":0.9990543735224586,"_wandb":{"runtime":84},"_runtime":84,"fopng/fisher_overlap/cosine":0.00871611014008522,"_timestamp":1.7752220580470433e+09,"fopng/fisher_overlap/topk_iou":0.20533622231740192,"fopng/fisher/max":0.5014441013336182,"task_completed":2,"fopng/fisher/min":0}