{"task":5,"_wandb":{"runtime":99},"fopng/fisher/min":0,"FOPNG Overlapping Accuracies (Colored)":{"height":600,"_type":"image-file","sha256":"112b92cfb30d198e84ca0e02d4e26531f2be1fe85f62ab9e15bd917547c6cfe2","size":52950,"path":"media/images/FOPNG Overlapping Accuracies (Colored)_45_112b92cfb30d198e84ca.png","format":"png","width":1000},"_step":46,"fopng/train/loss":2.3047027004526015,"_timestamp":1.7750038326286092e+09,"fopng/fisher/mean":0.06487999111413956,"fopng/eval/acc_task_5":0.5506807866868382,"fopng/eval/acc_task_4":0.7190332326283988,"fopng/eval/average_accuracy":0.7364768276448499,"fopng/eval/acc_task_3":0.7593383137673426,"fopng/global_epoch":34,"fopng/eval/acc_task_1":0.9985815602836879,"task_completed":5,"fopng/memory/G_cols":200,"fopng/eval/acc_task_2":0.6547502448579824,"fopng/fisher_overlap/topk_iou":0.23831340270228296,"fopng/fisher_overlap/pearson":0.5559228658676147,"fopng/fisher/max":0.5341013073921204,"fopng/eval/bwt":0.014205435948526524,"fopng/train/rho_avg":0.981996772137094,"fopng/fisher_overlap/cosine":0.8412229418754578,"_runtime":99}