{"fopng/train/loss":0.3436077632009983,"fopng/global_epoch":3,"task":1,"_timestamp":1.7749139338761737e+09,"_step":3,"_wandb":{"runtime":69},"_runtime":69}