{"_step":23,"fopng/fisher/min":0,"fopng/memory/G_cols":100,"fopng/fisher_overlap/topk_iou":0.4718117917085067,"fopng/train/loss":0.516405425220728,"fopng/eval/acc_task_2":0.7385,"fopng/fisher_overlap/cosine":0.0443132109940052,"fopng/eval/acc_task_5":0.625,"fopng/global_epoch":19,"fopng/fisher/max":0.9003275036811829,"fopng/eval/bwt":-0.3035,"fopng/eval/acc_task_1":0.5995,"fopng/fisher_overlap/pearson":0.043919846415519714,"_runtime":157,"_timestamp":1.7749185789149647e+09,"fopng/fisher/mean":0.0003559692413546145,"fopng/eval/acc_task_4":0.5095,"_wandb":{"runtime":157},"fopng/eval/acc_task_3":0.5,"task":2,"task_completed":2,"fopng/train/rho_avg":0.9984696999192237}