{"fopng/fisher/max":0.8108727931976318,"fopng/eval/acc_task_4":0.4823766364551863,"fopng/fisher_overlap/cosine":0.11005143076181412,"fopng/eval/acc_task_1":0.5366430260047281,"fopng/global_epoch":13,"fopng/eval/acc_task_5":0.49117498739283916,"_runtime":126,"fopng/train/loss":4198.518763224284,"fopng/eval/acc_task_3":0.4759871931696905,"fopng/train/rho_avg":0.9998788808782896,"_step":17,"fopng/fisher/min":0,"fopng/fisher_overlap/pearson":0.10974276065826416,"_timestamp":1.774727839918559e+09,"task_completed":2,"fopng/eval/bwt":-0.4619385342789598,"fopng/fisher/mean":0.00011642141180345789,"task":2,"fopng/memory/G_cols":98,"fopng/fisher_overlap/topk_iou":0.16514856307842182,"fopng/eval/acc_task_2":0.49461312438785504,"_wandb":{"runtime":126}}