{"task":1,"_timestamp":1.7749647141284442e+09,"_step":19,"fopng/train/loss":0.1623138620518148,"fopng/global_epoch":19,"_wandb":{"runtime":101},"_runtime":101}