{"fopng/fisher/min":0,"task":1,"fopng/global_epoch":9,"fopng/fisher/mean":2.4688531539140968e-06,"fopng/eval/acc_task_1":0.99625,"fopng/train/loss":0.1126082739092908,"_step":11,"_timestamp":1.7734349709737122e+09,"fopng/eval/acc_task_3":0.2025,"task_completed":1,"_wandb":{"runtime":2},"_runtime":2,"fopng/fisher/max":0.00041138450615108013,"fopng/memory/G_cols":80,"fopng/eval/acc_task_2":0.0575}