{"fopng/memory/G_cols":300,"fopng/eval/acc_task_4":0.9889224572004028,"fopng/train/rho_avg":0.9999997527041333,"fopng/eval/average_accuracy":0.9132372201016306,"_wandb":{"runtime":109},"fopng/fisher_overlap/topk_iou":0.1565155379352858,"_timestamp":1.7752233677182028e+09,"fopng/eval/acc_task_1":0.9872340425531915,"task_completed":5,"_step":37,"fopng/eval/bwt":-0.09859471519569046,"fopng/fisher_overlap/cosine":0.0010146609274670482,"fopng/fisher_overlap/pearson":0.0007331123924814165,"fopng/fisher/mean":4.6191198634915054e-05,"fopng/eval/acc_task_2":0.8530852105778648,"fopng/eval/acc_task_3":0.7556029882604055,"fopng/global_epoch":24,"_runtime":109,"fopng/train/loss":0.029904956651970425,"FOPNG FRECHET CORR MATRIX":{"width":800,"height":600,"_type":"image-file","sha256":"87f0c43b259cb21f9a58c1ef0a2db080a16e7ab7ba6e689fd172ea60deabd137","size":31174,"path":"media/images/FOPNG FRECHET CORR MATRIX_35_87f0c43b259cb21f9a58.png","format":"png"},"FOPNG Overlapping Accuracies (Colored)":{"width":1000,"height":600,"_type":"image-file","sha256":"4dd8090bfd2059b6973b4a4ffc10f605d6536a7f0cb38655d413a6f9026a3793","size":74220,"path":"media/images/FOPNG Overlapping Accuracies (Colored)_36_4dd8090bfd2059b6973b.png","format":"png"},"fopng/fisher/min":0,"task":5,"fopng/fisher/max":0.30000001192092896,"fopng/eval/acc_task_5":0.9813414019162885}