{"task":1,"_timestamp":1.775579332483732e+09,"_step":4,"fopng/train/loss":0.19365525487810373,"_wandb":{"runtime":70},"_runtime":70,"fopng/global_epoch":4}