{"fopng/global_epoch":48,"fopng/train/loss":0.6959818005561829,"_runtime":287,"fopng/train/rho_avg":0.9999996334314346,"fopng/fisher_overlap/pearson":0.29379022121429443,"task":4,"fopng/eval/acc_task_1":0.502,"fopng/fisher/max":0.523515522480011,"fopng/eval/acc_task_2":0.5075,"task_completed":3,"fopng/eval/bwt":-0.26825000000000004,"fopng/fisher/mean":0.0022773046512156725,"fopng/eval/acc_task_5":0.4985,"fopng/eval/acc_task_3":0.6835,"_step":54,"fopng/fisher_overlap/topk_iou":0.2516774429669391,"fopng/memory/G_cols":100,"fopng/eval/acc_task_4":0.5,"_timestamp":1.7749870177347581e+09,"_wandb":{"runtime":287},"fopng/fisher_overlap/cosine":0.3328222632408142,"fopng/fisher/min":0}