{"task_completed":1,"fopng/fisher_overlap/cosine":1,"fopng/eval/acc_task_5":0.4977307110438729,"fopng/eval/acc_task_2":0.5004897159647405,"_timestamp":1.7747368472742379e+09,"fopng/global_epoch":1,"fopng/fisher/mean":0.0003601931966841221,"_wandb":{"runtime":234},"fopng/memory/G_cols":100,"task":2,"fopng/eval/acc_task_1":0.6799054373522458,"fopng/fisher_overlap/topk_iou":1,"fopng/train/rho_avg":0.7143491369982561,"_runtime":234,"fopng/fisher_overlap/pearson":1,"fopng/fisher/min":1.903445933856829e-12,"fopng/fisher/max":1,"_step":3,"fopng/eval/acc_task_3":0.5128068303094984,"fopng/train/loss":8.913364499807358,"fopng/eval/acc_task_4":0.4823766364551863}