{"_step":12,"fopng/fisher/max":0.699999988079071,"fopng/fisher_overlap/topk_iou":1,"fopng/fisher/min":0,"fopng/memory/G_cols":300,"fopng/eval/acc_task_2":0.9799216454456415,"fopng/eval/acc_task_4":0.48841893252769386,"fopng/global_epoch":8,"fopng/train/rho_avg":0.9999998279593207,"fopng/eval/bwt":-0.00047281323877068626,"fopng/fisher_overlap/cosine":1,"_runtime":67,"fopng/eval/acc_task_5":0.659606656580938,"fopng/eval/acc_task_3":0.5304162219850587,"fopng/eval/acc_task_1":0.9985815602836879,"fopng/train/loss":0.04651455672203817,"task":3,"fopng/fisher/mean":7.284900493687019e-05,"task_completed":2,"fopng/fisher_overlap/pearson":1,"_wandb":{"runtime":67},"_timestamp":1.7755893844123833e+09}