{"_step":4,"_wandb":{"runtime":43},"_runtime":43,"ewc/train/loss":0.0749744116698505,"ewc/global_epoch":4,"task":1,"_timestamp":1.7740498763267214e+09}