{"_timestamp":1.7747169803073726e+09,"fopng/fisher/max":1,"fopng/eval/acc_task_3":0.8287086446104589,"task_completed":5,"fopng/fisher/min":0,"fopng/eval/acc_task_1":0.6160756501182033,"_runtime":272,"fopng/train/rho_avg":0.9999998833270783,"fopng/memory/G_cols":237,"fopng/eval/acc_task_4":0.9914400805639476,"fopng/eval/bwt":-0.2607831831615871,"fopng/global_epoch":24,"fopng/fisher/mean":3.7220062949927524e-05,"fopng/fisher_overlap/pearson":-0.00011023361003026366,"fopng/eval/average_accuracy":0.7854411002695839,"_step":36,"fopng/train/loss":0.022259713409399178,"fopng/eval/acc_task_2":0.4980411361410382,"fopng/fisher_overlap/cosine":2.6641504518920556e-05,"fopng/eval/acc_task_5":0.9929399899142713,"_wandb":{"runtime":272},"task":5,"fopng/fisher_overlap/topk_iou":0.10308969333640766,"FOPNG Overlapping Accuracies (Colored)":{"size":86075,"path":"media/images/FOPNG Overlapping Accuracies (Colored)_35_c2001de382fc9883a87a.png","format":"png","width":1000,"height":600,"_type":"image-file","sha256":"c2001de382fc9883a87a89bf2f438e7a1df9770afbabfd97ad416288320d49ac"}}