{"fopng/memory/G_cols":200,"fopng/fisher/mean":0.00020321743795648217,"fopng/eval/acc_task_4":0.5664652567975831,"fopng/fisher_overlap/pearson":0.00035635364474728703,"fopng/train/rho_avg":0.9999850164068506,"fopng/fisher_overlap/cosine":0.0016793851973488927,"_runtime":807,"task_completed":5,"FOPNG Overlapping Accuracies (Colored)":{"path":"media/images/FOPNG Overlapping Accuracies (Colored)_45_8a3c85a5bda72fb871fe.png","format":"png","width":1000,"height":600,"_type":"image-file","sha256":"8a3c85a5bda72fb871fe9dd3a83ada6f44a9dfb968e16280bbde4250880edfb0","size":91061},"fopng/fisher_overlap/topk_iou":0.18850768886791047,"fopng/eval/acc_task_5":0.9596570852244075,"fopng/eval/bwt":-0.36079236550355265,"fopng/eval/acc_task_2":0.4240940254652302,"fopng/train/loss":0.13852068734295825,"fopng/global_epoch":34,"fopng/eval/acc_task_1":0.8576832151300237,"fopng/eval/acc_task_3":0.6286019210245464,"fopng/fisher/min":9.538300707048992e-18,"fopng/fisher/max":0.5000001192092896,"_timestamp":1.7747338735613034e+09,"_wandb":{"runtime":807},"fopng/eval/average_accuracy":0.6873003007283581,"task":5,"_step":46}