{"ewc/train/loss":0.0749744116698505,"ewc/global_epoch":4,"task":1,"_timestamp":1.774050292345159e+09,"_wandb":{"runtime":47},"_runtime":47,"_step":4}