{"ewc/global_epoch":2,"task":1,"_timestamp":1.7740492912070465e+09,"_wandb":{"runtime":29},"_runtime":29,"_step":2,"ewc/train/loss":0.09892983218362214}