{"fopng/fisher/mean":0.00011318698670947924,"fopng/train/rho_avg":0.9999999771726892,"_timestamp":1.775223236322842e+09,"_step":37,"task_completed":5,"fopng/eval/acc_task_1":0.8780141843971632,"fopng/eval/average_accuracy":0.902098392441348,"fopng/fisher/min":0,"fopng/fisher_overlap/pearson":0.00029076781356707215,"fopng/eval/bwt":-0.11361580147525233,"FOPNG FRECHET CORR MATRIX":{"height":600,"_type":"image-file","sha256":"40dfbc59bea303fffca50a8ecbb50f3dcdcc57032b2ba26f1a40d7cc9158bdc2","size":30006,"path":"media/images/FOPNG FRECHET CORR MATRIX_35_40dfbc59bea303fffca5.png","format":"png","width":800},"fopng/global_epoch":24,"fopng/fisher_overlap/topk_iou":0.2352918393431194,"fopng/train/loss":0.02864782569157158,"fopng/fisher_overlap/cosine":0.0010244225850328803,"_runtime":83,"FOPNG Overlapping Accuracies (Colored)":{"_type":"image-file","sha256":"8cfeb16a24ddb7e0b518bfbf9063d2c6a9913a3c1c691ac63a12244799d21255","size":81154,"path":"media/images/FOPNG Overlapping Accuracies (Colored)_36_8cfeb16a24ddb7e0b518.png","format":"png","width":1000,"height":600},"fopng/eval/acc_task_4":0.9959718026183283,"fopng/fisher/max":0.30000001192092896,"fopng/eval/acc_task_5":0.9823499747856783,"task":5,"fopng/eval/acc_task_2":0.6792360430950048,"fopng/eval/acc_task_3":0.9749199573105657,"fopng/memory/G_cols":300,"_wandb":{"runtime":83}}