{"_wandb":{"runtime":45},"_runtime":45,"task":1,"_timestamp":1.774736376033592e+09,"_step":0,"fopng/train/loss":1.5045170171558857,"fopng/global_epoch":0}