{"task":4,"_runtime":300,"fopng/fisher/mean":0.00010222200944554061,"task_completed":3,"fopng/eval/acc_task_5":0.49117498739283916,"fopng/train/loss":7.743457963149011e+17,"fopng/fisher_overlap/pearson":0.4749695062637329,"fopng/eval/acc_task_4":0.4823766364551863,"fopng/fisher/min":0,"fopng/global_epoch":23,"fopng/eval/acc_task_1":0.5366430260047281,"_step":29,"fopng/eval/bwt":-0.2309692671394799,"fopng/fisher_overlap/topk_iou":0.29553855527723244,"fopng/fisher_overlap/cosine":0.4752197563648224,"_timestamp":1.774727246101018e+09,"fopng/eval/acc_task_3":0.4759871931696905,"fopng/train/rho_avg":0.9995884969830513,"_wandb":{"runtime":300},"fopng/memory/G_cols":142,"fopng/fisher/max":0.4899999797344208,"fopng/eval/acc_task_2":0.49461312438785504}