{"task":1,"_timestamp":1.775590092328946e+09,"_step":8,"_wandb":{"runtime":21},"_runtime":21,"fopng/train/loss":0.34741140380501745,"fopng/global_epoch":8}