{"fopng/eval/acc_task_4":0.9551863041289023,"fopng/eval/average_accuracy":0.9587643922991578,"fopng/eval/acc_task_3":0.9743863393810032,"FOPNG Overlapping Accuracies (Colored)":{"size":74732,"path":"media/images/FOPNG Overlapping Accuracies (Colored)_24_71aaaee93f95f470bee8.png","format":"png","width":1000,"height":600,"_type":"image-file","sha256":"71aaaee93f95f470bee8890a81ea6a13a7799c1f33c904a5b7fdac829d0d3fc3"},"_step":25,"fopng/fisher/max":0.30000030994415283,"fopng/eval/acc_task_1":0.9971631205673759,"fopng/fisher_overlap/topk_iou":0.2059894881458047,"fopng/global_epoch":12,"fopng/eval/acc_task_2":0.9079333986287953,"_timestamp":1.775595901770133e+09,"fopng/fisher/min":0,"fopng/fisher/mean":3.9731232391204685e-05,"fopng/train/loss":0.14263423984038068,"FOPNG FRECHET CORR MATRIX":{"sha256":"6addb0452aa31f9910e86f34bc4493a009d3204c5c90832032ebc0d65573107d","size":30851,"path":"media/images/FOPNG FRECHET CORR MATRIX_23_6addb0452aa31f9910e8.png","format":"png","width":800,"height":600,"_type":"image-file"},"fopng/eval/acc_task_5":0.9591527987897126,"fopng/train/rho_avg":0.9999971415134187,"fopng/eval/bwt":-0.03016899789454852,"fopng/fisher_overlap/cosine":0.00028637683135457337,"_runtime":78,"task":5,"task_completed":5,"fopng/memory/G_cols":300,"_wandb":{"runtime":78},"fopng/fisher_overlap/pearson":0.00010331650992156938}