{"fopng/global_epoch":34,"fopng/fisher/max":0.5000168681144714,"_wandb":{"runtime":125},"fopng/eval/acc_task_4":0.986404833836858,"fopng/train/loss":0.0768103162421191,"fopng/fisher_overlap/cosine":0.5629798769950867,"fopng/fisher/min":0,"fopng/fisher_overlap/topk_iou":0.14129968032825993,"fopng/fisher/mean":0.028208592906594276,"task_completed":5,"FOPNG Overlapping Accuracies (Colored)":{"sha256":"672d591e54066818cb1f9324f5531dbeb211bfa6b63704377d646924963f005a","size":78803,"path":"media/images/FOPNG Overlapping Accuracies (Colored)_45_672d591e54066818cb1f.png","format":"png","width":1000,"height":600,"_type":"image-file"},"fopng/eval/average_accuracy":0.7794490986288205,"_runtime":125,"task":5,"fopng/memory/G_cols":100,"_step":46,"fopng/fisher_overlap/pearson":0.23004868626594543,"fopng/eval/acc_task_2":0.5156709108716944,"fopng/eval/acc_task_3":0.4759871931696905,"fopng/eval/acc_task_1":0.941371158392435,"_timestamp":1.7749862253084326e+09,"fopng/train/rho_avg":0.99999323550691,"fopng/eval/acc_task_5":0.9778113968734241,"fopng/eval/bwt":-0.26340484162031946}