{"fopng/train/loss":0.0015057173543027603,"fopng/global_epoch":6,"task":1,"_timestamp":1.775003294102378e+09,"_wandb":{"runtime":17},"_runtime":17,"_step":6}