{"fopng/eval/bwt":0.01091817277769734,"fopng/fisher_overlap/topk_iou":0.29877428024595837,"fopng/eval/acc_task_3":0.5165421558164355,"fopng/global_epoch":34,"fopng/eval/acc_task_5":0.5037821482602118,"fopng/eval/average_accuracy":0.5980081196031153,"fopng/fisher_overlap/pearson":0.6548242568969727,"fopng/eval/acc_task_2":0.5940254652301665,"fopng/fisher/min":0,"fopng/eval/acc_task_1":0.9990543735224586,"task_completed":5,"_timestamp":1.7749848608195615e+09,"fopng/fisher_overlap/cosine":0.8570722937583923,"fopng/memory/G_cols":200,"_runtime":108,"fopng/fisher/max":0.8408068418502808,"fopng/train/rho_avg":0.9606174877349366,"task":5,"_wandb":{"runtime":108},"fopng/train/loss":2.9577637581115073,"fopng/eval/acc_task_4":0.3766364551863041,"fopng/fisher/mean":0.049322180449962616,"FOPNG Overlapping Accuracies (Colored)":{"format":"png","width":1000,"height":600,"_type":"image-file","sha256":"3ffa088153233e2a8f75da6a103b0fedb3692442189edcc85325a6547b6966b9","size":52925,"path":"media/images/FOPNG Overlapping Accuracies (Colored)_45_3ffa088153233e2a8f75.png"},"_step":46}