{"FOPNG FRECHET CORR MATRIX":{"path":"media/images/FOPNG FRECHET CORR MATRIX_45_4f24c134b3bcd1be68d1.png","format":"png","width":800,"height":600,"_type":"image-file","sha256":"4f24c134b3bcd1be68d1b0967badb5789414b4ec975030ba09383e14ab0175a6","size":33272},"fopng/fisher/max":0.30064451694488525,"fopng/fisher/min":0,"fopng/eval/acc_task_4":0.8927492447129909,"fopng/eval/bwt":-0.16102401814174147,"fopng/train/loss":0.09404192207024452,"fopng/global_epoch":34,"_step":47,"task":5,"task_completed":5,"fopng/eval/acc_task_1":0.9702127659574468,"fopng/train/rho_avg":0.9999734264739016,"_runtime":106,"FOPNG Overlapping Accuracies (Colored)":{"height":600,"_type":"image-file","sha256":"c0c4a978abe03a8f17fddf8c89820062217049aa2cd09d43b89e08e7b2295c88","size":76855,"path":"media/images/FOPNG Overlapping Accuracies (Colored)_46_c0c4a978abe03a8f17fd.png","format":"png","width":1000},"fopng/eval/average_accuracy":0.844747358499846,"fopng/memory/G_cols":300,"fopng/eval/acc_task_5":0.9631870902672718,"fopng/fisher/mean":0.030277429148554802,"fopng/fisher_overlap/pearson":0.25047779083251953,"fopng/fisher_overlap/cosine":0.7106317281723022,"fopng/eval/acc_task_2":0.767384916748286,"fopng/eval/acc_task_3":0.6302027748132337,"_timestamp":1.7751489477061713e+09,"_wandb":{"runtime":106},"fopng/fisher_overlap/topk_iou":0.14162649739894048}