{"fopng/train/loss":0.32196583449840543,"fopng/global_epoch":4,"task":1,"_timestamp":1.7748145734221182e+09,"_step":4,"_runtime":19,"_wandb":{"runtime":19}}