{"fopng/fisher/min":0,"fopng/eval/acc_task_4":0.5176233635448136,"_timestamp":1.7752216000456789e+09,"fopng/eval/acc_task_3":0.5288153681963714,"fopng/memory/G_cols":200,"fopng/train/loss":3.143325171572097,"_wandb":{"runtime":116},"FOPNG FRECHET CORR MATRIX":{"path":"media/images/FOPNG FRECHET CORR MATRIX_45_e5657ef13b05a30df3ae.png","format":"png","width":800,"height":600,"_type":"image-file","sha256":"e5657ef13b05a30df3ae2035c1aff98584a797f404487f0b4e3c7e3060314015","size":34476},"fopng/fisher_overlap/topk_iou":0.19484509047315776,"fopng/eval/acc_task_1":0.9990543735224586,"fopng/eval/acc_task_5":0.556732223903177,"fopng/train/rho_avg":0.9667526559626802,"fopng/fisher_overlap/cosine":0.7843593955039978,"task_completed":5,"fopng/eval/acc_task_2":0.4740450538687561,"_runtime":116,"fopng/global_epoch":34,"_step":47,"fopng/fisher/max":0.7567214965820312,"fopng/fisher/mean":0.05415209382772446,"fopng/fisher_overlap/pearson":0.43424171209335327,"fopng/eval/average_accuracy":0.6152540766071154,"task":5,"fopng/eval/bwt":0.005827638390275031,"FOPNG Overlapping Accuracies (Colored)":{"width":1000,"height":600,"_type":"image-file","sha256":"d34ea5ee74a81bc7849796e6f06d5854b590ab96ae08b17013380d405c0f22b5","size":42246,"path":"media/images/FOPNG Overlapping Accuracies (Colored)_46_d34ea5ee74a81bc78497.png","format":"png"}}