{"fopng/eval/bwt":-0.49683311251565454,"fopng/eval/average_accuracy":0.5948982773953225,"fopng/fisher/mean":7.624260615557432e-05,"fopng/eval/acc_task_4":0.4823766364551863,"fopng/fisher_overlap/cosine":0.00011834478209493682,"fopng/fisher_overlap/pearson":-0.0003083509800489992,"_wandb":{"runtime":85},"fopng/eval/acc_task_5":0.9848714069591528,"task_completed":5,"task":5,"fopng/memory/G_cols":200,"_step":46,"fopng/fisher_overlap/topk_iou":0.1447406202143951,"fopng/fisher/min":0,"fopng/train/rho_avg":0.9999999898545285,"fopng/global_epoch":34,"fopng/eval/acc_task_1":0.5366430260047281,"_runtime":85,"fopng/eval/acc_task_3":0.4759871931696905,"fopng/train/loss":0.15425410650997481,"_timestamp":1.7747326699241326e+09,"fopng/eval/acc_task_2":0.49461312438785504,"FOPNG Overlapping Accuracies (Colored)":{"format":"png","width":1000,"height":600,"_type":"image-file","sha256":"7b2593ab3bf13862d0a44c4990bf1ee51b5da2793391f36811ff9960738c6d75","size":81872,"path":"media/images/FOPNG Overlapping Accuracies (Colored)_45_7b2593ab3bf13862d0a4.png"},"fopng/fisher/max":0.5}