{"fopng/fisher/min":0.00029552937485277653,"_timestamp":1.7751455097508757e+09,"task":5,"fopng/train/rho_avg":0.9411373873974415,"fopng/fisher/max":0.7052814960479736,"fopng/eval/acc_task_5":0.5521936459909228,"_step":46,"task_completed":5,"fopng/eval/acc_task_1":0.9981087470449173,"fopng/eval/acc_task_3":0.5298826040554963,"fopng/train/loss":4.873815820572224,"fopng/eval/bwt":0.0006670224119530443,"fopng/global_epoch":34,"fopng/fisher_overlap/cosine":0.8093171119689941,"_wandb":{"runtime":141},"fopng/eval/acc_task_4":0.5176233635448136,"fopng/fisher/mean":0.061521369963884354,"_runtime":141,"FOPNG Overlapping Accuracies (Colored)":{"format":"png","width":1000,"height":600,"_type":"image-file","sha256":"afaa2a460bf7f0507e9cd74354c4205ef6b33c0e4e8685f8bade9f7fef222c1c","size":38269,"path":"media/images/FOPNG Overlapping Accuracies (Colored)_45_afaa2a460bf7f0507e9c.png"},"fopng/memory/G_cols":200,"fopng/fisher_overlap/pearson":0.48482170701026917,"fopng/eval/average_accuracy":0.6129015350067599,"fopng/eval/acc_task_2":0.4666993143976494,"fopng/fisher_overlap/topk_iou":0.21417694533272422}