{"fopng/eval/acc_task_5":0.49117498739283916,"fopng/fisher/max":0.7833439111709595,"fopng/fisher_overlap/topk_iou":0.15046652558676413,"fopng/fisher/min":0,"fopng/train/rho_avg":0.7961569902571765,"_timestamp":1.774727480673135e+09,"fopng/global_epoch":16,"_step":20,"fopng/eval/acc_task_3":0.4759871931696905,"fopng/eval/acc_task_4":0.4823766364551863,"_runtime":209,"_wandb":{"runtime":209},"fopng/fisher_overlap/cosine":0.08361915498971939,"fopng/eval/acc_task_2":0.49461312438785504,"fopng/eval/acc_task_1":0.9881796690307328,"fopng/train/loss":365167.6139914773,"fopng/memory/G_cols":98,"fopng/fisher/mean":0.00012957678700331599,"fopng/fisher_overlap/pearson":0.08331052958965302,"task":3,"task_completed":2,"fopng/eval/bwt":-0.010401891252955098}