{"fopng/eval/acc_task_4":0.5176233635448136,"fopng/global_epoch":16,"fopng/eval/acc_task_3":0.5218783351120597,"fopng/train/loss":6.082810098474676,"task":3,"_timestamp":1.7750034188156765e+09,"_step":20,"fopng/eval/acc_task_1":0.9990543735224586,"fopng/eval/acc_task_5":0.4896621280887544,"fopng/eval/bwt":-0.00047281323877068626,"fopng/train/rho_avg":0.9508493190461939,"_wandb":{"runtime":53},"fopng/fisher_overlap/pearson":-0.04630552604794502,"_runtime":53,"fopng/memory/G_cols":200,"fopng/eval/acc_task_2":0.44172380019588636,"fopng/fisher/mean":0.03063073940575123,"fopng/fisher_overlap/cosine":0.28590601682662964,"task_completed":2,"fopng/fisher/max":0.6870847344398499,"fopng/fisher/min":0,"fopng/fisher_overlap/topk_iou":0.0315006468305304}