{"fopng/fisher/min":0,"fopng/eval/acc_task_2":0.45298726738491674,"fopng/fisher_overlap/topk_iou":0.033885851360404555,"fopng/eval/acc_task_5":0.48613212304589004,"fopng/global_epoch":13,"_runtime":54,"fopng/fisher/mean":0.023222165182232857,"fopng/eval/acc_task_4":0.5176233635448136,"fopng/train/rho_avg":0.9978364557027817,"_wandb":{"runtime":54},"task_completed":2,"fopng/memory/G_cols":200,"fopng/fisher_overlap/cosine":0.29018229246139526,"fopng/eval/bwt":-0.00047281323877068626,"task":2,"fopng/eval/acc_task_3":0.5186766275346851,"_timestamp":1.7751472915511045e+09,"fopng/fisher/max":0.8042320013046265,"fopng/eval/acc_task_1":0.9990543735224586,"fopng/train/loss":1.6429950868089993,"_step":17,"fopng/fisher_overlap/pearson":-0.03959470987319946}