{"task":1,"_timestamp":1.7740497018900533e+09,"_step":9,"ewc/train/loss":0.04051458481030352,"_wandb":{"runtime":79},"_runtime":79,"ewc/global_epoch":9}