{"200": {"0": {"reward": 3537.4361809323173, "steps": 1000, "reason": "Reason: \u23f0 TIMEOUT (Truncated)"}, "15": {"reward": 3576.8210483896205, "steps": 1000, "reason": "Reason: \u23f0 TIMEOUT (Truncated)"}, "30": {"reward": 1777.7200096657052, "steps": 517, "reason": "Reason: \ud83d\udc80 DIED (Terminated)"}, "45": {"reward": 1777.7200096657052, "steps": 517, "reason": "Reason: \ud83d\udc80 DIED (Terminated)"}, "60": {"reward": 1777.7200096657052, "steps": 517, "reason": "Reason: \ud83d\udc80 DIED (Terminated)"}}}