{"fopng/eval/bwt":-0.4344561013815745,"_runtime":480,"fopng/fisher/max":0.5000000596046448,"fopng/memory/G_cols":237,"fopng/train/rho_avg":0.9999997755314441,"fopng/eval/acc_task_3":0.5624332977588047,"_wandb":{"runtime":480},"fopng/eval/average_accuracy":0.5389918225203694,"_timestamp":1.77472924281763e+09,"task_completed":5,"fopng/eval/acc_task_1":0.29929078014184396,"fopng/eval/acc_task_4":0.4823766364551863,"fopng/fisher_overlap/pearson":0.0016462922794744372,"fopng/eval/acc_task_2":0.3770812928501469,"fopng/fisher/mean":1.3543400200433098e-05,"FOPNG Overlapping Accuracies (Colored)":{"height":600,"_type":"image-file","sha256":"609c366c9c9135a29daae99d06623c796665027d2fae35db199d8bd57eb5b516","size":80979,"path":"media/images/FOPNG Overlapping Accuracies (Colored)_60_609c366c9c9135a29daa.png","format":"png","width":1000},"fopng/global_epoch":49,"task":5,"_step":61,"fopng/fisher_overlap/topk_iou":0.5078040113001572,"fopng/fisher_overlap/cosine":0.0017308476381003857,"fopng/fisher/min":0,"fopng/train/loss":1.038265463757388,"fopng/eval/acc_task_5":0.9737771053958648}