{"fopng/eval/acc_task_3":0.5651013874066169,"fopng/fisher_overlap/pearson":1,"fopng/eval/acc_task_4":0.5861027190332326,"fopng/fisher_overlap/cosine":1,"task":2,"fopng/fisher/mean":0.11972270905971527,"fopng/fisher_overlap/topk_iou":1,"fopng/eval/acc_task_1":1,"_runtime":58,"task_completed":1,"fopng/train/loss":3.0305125017960868,"fopng/fisher/max":1,"_wandb":{"runtime":58},"_step":14,"fopng/eval/acc_task_2":0.47845249755142016,"fopng/global_epoch":12,"fopng/fisher/min":0,"fopng/eval/acc_task_5":0.4568835098335855,"fopng/memory/G_cols":100,"_timestamp":1.7749129431013784e+09,"fopng/train/rho_avg":0.9971815720200539}