{"fopng/global_epoch":49,"FOPNG Overlapping Accuracies (Colored)":{"format":"png","width":1000,"height":600,"_type":"image-file","sha256":"1a3501bb737661e256b08dc42accd0632eabeae80eacda32940f42c3732f998a","size":83292,"path":"media/images/FOPNG Overlapping Accuracies (Colored)_60_1a3501bb737661e256b0.png"},"task":5,"_step":61,"fopng/fisher/min":0,"task_completed":5,"_wandb":{"runtime":565},"fopng/fisher_overlap/topk_iou":0.417682267253191,"fopng/eval/acc_task_5":0.9752899646999496,"fopng/fisher/max":0.5405712723731995,"fopng/train/rho_avg":0.9989534870107123,"fopng/eval/acc_task_4":0.9637462235649547,"fopng/train/loss":0.07171952764087534,"fopng/eval/acc_task_1":0.6439716312056738,"fopng/fisher/mean":0.001775996875949204,"fopng/fisher_overlap/pearson":0.22870996594429016,"_runtime":565,"fopng/eval/acc_task_3":0.8911419423692636,"fopng/memory/G_cols":237,"_timestamp":1.7747300190928047e+09,"fopng/eval/average_accuracy":0.7942422932102797,"fopng/fisher_overlap/cosine":0.24877578020095825,"fopng/eval/bwt":-0.2340162122302192,"fopng/eval/acc_task_2":0.4970617042115573}