{"fopng/fisher_overlap/topk_iou":0.16360408128519136,"task":5,"fopng/eval/acc_task_5":0.9641956631366616,"fopng/fisher_overlap/pearson":0.0017169223865494132,"_step":46,"fopng/train/loss":0.11620341277027384,"task_completed":5,"fopng/eval/acc_task_3":0.9114194236926361,"fopng/eval/acc_task_4":0.9874118831822759,"fopng/eval/acc_task_1":0.9773049645390071,"fopng/fisher/mean":0.00032648208434693515,"_timestamp":1.7747330561970954e+09,"fopng/fisher_overlap/cosine":0.0053646923042833805,"fopng/train/rho_avg":0.9999941879130424,"fopng/eval/average_accuracy":0.9534728511608508,"fopng/fisher/min":0,"fopng/fisher/max":0.5,"fopng/memory/G_cols":200,"FOPNG Overlapping Accuracies (Colored)":{"format":"png","width":1000,"height":600,"_type":"image-file","sha256":"eb5089fa6b0ff26890186bdae46680718d58067c5bd0cf2450cb01dab17b832b","size":72821,"path":"media/images/FOPNG Overlapping Accuracies (Colored)_45_eb5089fa6b0ff2689018.png"},"fopng/eval/acc_task_2":0.9270323212536729,"_wandb":{"runtime":153},"_runtime":153,"fopng/global_epoch":34,"fopng/eval/bwt":-0.0338066343987761}