{"fopng/memory/G_cols":240,"fopng/fisher/max":0.0005155520047992468,"fopng/global_epoch":29,"fopng/eval/acc_task_2":0.81315,"baseline/eval/acc_task_2":0.2549,"baseline/eval/acc_task_1":0.11225,"task_completed":3,"fopng/train/rho_avg":0.9999995379686863,"fopng/train/loss":0.07466354600394343,"baseline/global_epoch":29,"baseline/eval/acc_task_3":0.9263,"fopng/eval/acc_task_1":0.1138,"fopng/eval/acc_task_3":0.9873,"_timestamp":1.77343728713611e+09,"fopng/eval/bwt":-0.5066249999999999,"fopng/fisher/min":0,"task":3,"_step":68,"_wandb":{"runtime":1470},"_runtime":1470,"baseline/eval/bwt":-0.769925,"baseline/train/loss":0.2521765619250281,"fopng/fisher/mean":6.928048179588586e-08}