{"_step":4,"ewc/train/loss":0.0749744116698505,"ewc/global_epoch":4,"_wandb":{"runtime":50},"_runtime":50,"task":1,"_timestamp":1.77405000431856e+09}