{"fopng/train/loss":0.1356449286435554,"fopng/global_epoch":1,"task":1,"_timestamp":1.7736920497105196e+09,"_wandb":{"runtime":28},"_runtime":28,"_step":1}