{"fopng/eval/acc_task_3":0.5304162219850587,"_timestamp":1.775003562537605e+09,"fopng/fisher_overlap/cosine":1,"task":2,"fopng/eval/acc_task_1":0.9995271867612293,"fopng/fisher/min":0,"fopng/eval/acc_task_4":0.5176233635448136,"fopng/train/rho_avg":0.9982391446828842,"task_completed":1,"fopng/fisher/max":1,"fopng/fisher_overlap/topk_iou":1,"fopng/global_epoch":13,"_wandb":{"runtime":36},"fopng/eval/acc_task_2":0.4666993143976494,"_step":15,"fopng/eval/acc_task_5":0.5007564296520424,"_runtime":36,"fopng/fisher/mean":0.01331279892474413,"fopng/train/loss":1.6536817227800686,"fopng/fisher_overlap/pearson":1,"fopng/memory/G_cols":100}