{"fopng/train/loss":0.20710648372769355,"fopng/global_epoch":4,"task":1,"_timestamp":1.7755791250625312e+09,"_step":4,"_wandb":{"runtime":72},"_runtime":72}