{"_wandb":{"runtime":67},"_step":20,"_timestamp":1.774916763686489e+09,"fopng/fisher_overlap/topk_iou":0.1610484164543138,"fopng/fisher/mean":0.006888094823807478,"fopng/train/rho_avg":0.9998151754791086,"fopng/eval/acc_task_5":0.4357034795763994,"fopng/fisher_overlap/cosine":0.17072828114032745,"task_completed":2,"fopng/eval/acc_task_1":0.9985815602836879,"fopng/eval/acc_task_4":0.5659617321248741,"fopng/global_epoch":16,"fopng/fisher/min":0,"fopng/memory/G_cols":200,"task":3,"fopng/fisher/max":0.7069608569145203,"_runtime":67,"fopng/eval/acc_task_3":0.5955176093916755,"fopng/train/loss":1.2272478992288762,"fopng/fisher_overlap/pearson":0.11929700523614883,"fopng/eval/acc_task_2":0.9319294809010774,"fopng/eval/bwt":-0.0014184397163120588}