{"task":3,"fopng/global_epoch":15,"fopng/eval/bwt":-0.00047281323877068626,"fopng/memory/G_cols":200,"_timestamp":1.774912796383939e+09,"fopng/eval/acc_task_1":0.9995271867612293,"fopng/eval/acc_task_5":0.4513363590519415,"fopng/fisher/max":0.9040404558181763,"fopng/fisher_overlap/topk_iou":0.14748632831238606,"fopng/fisher/min":0,"fopng/eval/acc_task_3":0.567769477054429,"fopng/fisher_overlap/pearson":0.3038898706436157,"_wandb":{"runtime":67},"fopng/eval/acc_task_2":0.5925563173359452,"fopng/fisher/mean":0.12682785093784332,"fopng/fisher_overlap/cosine":0.712463915348053,"task_completed":2,"fopng/eval/acc_task_4":0.5775427995971802,"_step":19,"fopng/train/rho_avg":0.9599330479448492,"fopng/train/loss":6.590668288144198,"_runtime":67}