{"task":4,"task_completed":3,"fopng/eval/bwt":-0.6529380642442513,"fopng/eval/acc_task_4":0.40080563947633435,"fopng/eval/acc_task_1":0.18439716312056736,"fopng/fisher_overlap/cosine":0.056076813489198685,"fopng/fisher_overlap/pearson":0.05370611697435379,"fopng/fisher/max":0.5171983242034912,"_step":27,"fopng/eval/acc_task_5":0.7271810388300555,"fopng/eval/acc_task_3":0.991462113127001,"_runtime":458,"fopng/fisher/min":0,"fopng/global_epoch":21,"_wandb":{"runtime":458},"fopng/eval/acc_task_2":0.4980411361410382,"_timestamp":1.7747319561416545e+09,"fopng/memory/G_cols":900,"fopng/fisher/mean":0.0003508086665533483,"fopng/train/loss":10.462945787148783,"fopng/train/rho_avg":0.9999984043339888,"fopng/fisher_overlap/topk_iou":0.9988414751882603}