{"_wandb":{"runtime":162},"task":2,"_runtime":162,"fopng/global_epoch":19,"fopng/fisher_overlap/pearson":0.14962269365787506,"fopng/memory/G_cols":100,"fopng/fisher/mean":0.0031717463862150908,"fopng/eval/acc_task_5":0.5,"fopng/fisher/max":1,"fopng/fisher_overlap/cosine":0.15940268337726593,"_step":23,"fopng/eval/acc_task_2":0.7475,"_timestamp":1.7749179836664655e+09,"fopng/eval/acc_task_4":0.4975,"fopng/train/rho_avg":0.9942632585763931,"fopng/eval/acc_task_3":0.483,"fopng/fisher_overlap/topk_iou":0.21026245945148925,"task_completed":2,"fopng/train/loss":0.5376155644655227,"fopng/eval/acc_task_1":0.9105,"fopng/fisher/min":0,"fopng/eval/bwt":0.0050000000000000044}