{"fopng/eval/acc_task_1":0.761,"fopng/fisher_overlap/topk_iou":0.28539213229766974,"fopng/eval/acc_task_5":0.527,"fopng/global_epoch":42,"fopng/eval/bwt":-0.15349999999999997,"fopng/fisher_overlap/pearson":0.5843338370323181,"task_completed":2,"fopng/fisher_overlap/cosine":0.6889302730560303,"fopng/eval/acc_task_3":0.5015,"_step":46,"fopng/memory/G_cols":500,"fopng/train/rho_avg":0.8925227701663971,"_runtime":301,"_wandb":{"runtime":301},"fopng/eval/acc_task_4":0.394,"task":3,"fopng/fisher/max":0.8453397750854492,"_timestamp":1.7749633300883555e+09,"fopng/fisher/min":0,"fopng/eval/acc_task_2":0.495,"fopng/train/loss":2.619195985794067,"fopng/fisher/mean":0.027020582929253578}