{"_step":6,"fopng/train/loss":0.025752289146184923,"fopng/global_epoch":6,"task":1,"_timestamp":1.7751459737413557e+09,"_wandb":{"runtime":89},"_runtime":89}