{"_timestamp":1.7740493892316406e+09,"_step":9,"_wandb":{"runtime":85},"_runtime":85,"ewc/train/loss":0.04051458481030352,"ewc/global_epoch":9,"task":1}