{"ewc/global_epoch":1,"task":1,"_wandb":{"runtime":25},"_runtime":25,"_timestamp":1.7740497675458837e+09,"_step":1,"ewc/train/loss":0.15969805074642215}