{"_wandb":{"runtime":83},"_step":37,"_runtime":83,"fopng/eval/acc_task_5":0.9541099344427635,"fopng/memory/G_cols":200,"fopng/fisher_overlap/pearson":0.31369835138320923,"fopng/train/rho_avg":0.9999539306823243,"FOPNG FRECHET CORR MATRIX":{"height":600,"_type":"image-file","sha256":"a40d70aa9edabf6ea703f5a28b01b128f051ec60c0b76efea597e3f2d1097cf0","size":33109,"path":"media/images/FOPNG FRECHET CORR MATRIX_35_a40d70aa9edabf6ea703.png","format":"png","width":800},"task_completed":5,"fopng/eval/bwt":-0.15404839618340582,"fopng/global_epoch":24,"fopng/fisher_overlap/cosine":0.6765777468681335,"FOPNG Overlapping Accuracies (Colored)":{"_type":"image-file","sha256":"d53bc1b646d4b8c6aab5a7edd5788a408910efe3cac6fac53fc7f38ff975e781","size":77670,"path":"media/images/FOPNG Overlapping Accuracies (Colored)_36_d53bc1b646d4b8c6aab5.png","format":"png","width":1000,"height":600},"fopng/eval/average_accuracy":0.8305165330387666,"task":5,"_timestamp":1.7751479741467826e+09,"fopng/train/loss":0.15642866698351313,"fopng/fisher/min":0,"fopng/fisher/mean":0.024317938834428787,"fopng/eval/acc_task_4":0.8746223564954683,"fopng/fisher_overlap/topk_iou":0.19998495033610916,"fopng/eval/acc_task_1":0.9952718676122931,"fopng/fisher/max":0.31176263093948364,"fopng/eval/acc_task_3":0.5949839914621131,"fopng/eval/acc_task_2":0.7335945151811949}