{"fopng/fisher/max":0.5202983021736145,"_timestamp":1.7747313561033015e+09,"_wandb":{"runtime":519},"fopng/eval/bwt":-0.6178895673133695,"fopng/global_epoch":29,"fopng/fisher/mean":0.0017899948870763183,"fopng/fisher/min":0,"fopng/eval/acc_task_2":0.5661116552399609,"fopng/fisher_overlap/cosine":0.14809003472328186,"fopng/eval/acc_task_4":0.4602215508559919,"fopng/memory/G_cols":900,"fopng/eval/acc_task_5":0.5209278870398386,"task_completed":3,"fopng/eval/acc_task_3":0.9909284951974386,"fopng/train/loss":0.016009916477328676,"fopng/fisher_overlap/topk_iou":0.3891486379856556,"_runtime":519,"fopng/fisher_overlap/pearson":0.12793010473251343,"_step":35,"task":3,"fopng/eval/acc_task_1":0.18203309692671396,"fopng/train/rho_avg":0.9999997412616556}