{"fopng/eval/bwt":-0.039015079852230156,"fopng/global_epoch":34,"_step":46,"fopng/fisher/mean":0.007027455605566502,"fopng/fisher_overlap/pearson":0.22215349972248077,"fopng/eval/acc_task_3":0.880469583778015,"fopng/fisher_overlap/topk_iou":0.18812397556250932,"fopng/eval/average_accuracy":0.9198766642080429,"fopng/eval/acc_task_1":0.9971631205673759,"fopng/fisher/max":0.5007632374763489,"_runtime":155,"fopng/eval/acc_task_2":0.8452497551420176,"fopng/fisher/min":7.380334926923547e-24,"_wandb":{"runtime":155},"fopng/fisher_overlap/cosine":0.30590495467185974,"fopng/eval/acc_task_5":0.9102370146243066,"fopng/eval/acc_task_4":0.9662638469284995,"task":5,"FOPNG Overlapping Accuracies (Colored)":{"height":600,"_type":"image-file","sha256":"317405a3ee79434c9d57435cd0fc6c9f603df59df37d8c467a72848c8285170e","size":66765,"path":"media/images/FOPNG Overlapping Accuracies (Colored)_45_317405a3ee79434c9d57.png","format":"png","width":1000},"task_completed":5,"fopng/train/rho_avg":0.9999643018905152,"_timestamp":1.7749165712408607e+09,"fopng/memory/G_cols":200,"fopng/train/loss":0.2545857952630266}