{"fopng/eval/acc_task_1":0.48983451536643025,"fopng/eval/acc_task_2":0.6635651322233105,"_step":37,"fopng/train/loss":0.029258373731674208,"_runtime":342,"fopng/memory/G_cols":142,"fopng/global_epoch":31,"fopng/fisher_overlap/pearson":0.1124468594789505,"fopng/train/rho_avg":0.9999917273720106,"task_completed":3,"fopng/eval/acc_task_3":0.9935965848452508,"fopng/fisher/min":0,"fopng/eval/bwt":-0.41648640951368776,"_timestamp":1.7747306496724653e+09,"_wandb":{"runtime":342},"fopng/fisher/max":0.503727376461029,"fopng/fisher/mean":0.0013768327189609408,"fopng/eval/acc_task_4":0.4823766364551863,"fopng/eval/acc_task_5":0.5521936459909228,"task":4,"fopng/fisher_overlap/cosine":0.1269092708826065,"fopng/fisher_overlap/topk_iou":0.4044483604410259}