{"fopng/fisher/mean":0.006024659611284733,"fopng/fisher_overlap/topk_iou":0.16517694050025572,"fopng/fisher/max":0.9825989603996277,"_timestamp":1.774916910667339e+09,"fopng/eval/acc_task_3":0.5645677694770544,"fopng/fisher/min":0,"fopng/eval/acc_task_1":1,"fopng/eval/acc_task_2":0.4789422135161606,"fopng/train/rho_avg":0.9993190765380859,"fopng/fisher_overlap/pearson":0.15055188536643982,"fopng/memory/G_cols":200,"fopng/fisher_overlap/cosine":0.19166333973407745,"fopng/eval/acc_task_5":0.4568835098335855,"task":2,"fopng/eval/acc_task_4":0.5861027190332326,"task_completed":2,"_step":17,"_runtime":59,"fopng/eval/bwt":0,"_wandb":{"runtime":59},"fopng/train/loss":8.248029818137487,"fopng/global_epoch":13}