{"_wandb":{"runtime":116},"_runtime":116,"_step":0,"fopng/train/loss":0.24348294380282737,"fopng/global_epoch":0,"task":1,"_timestamp":1.7747158434652514e+09}