{"task_completed":2,"fopng/global_epoch":41,"fopng/fisher/mean":0.1820725053548813,"fopng/eval/acc_task_4":0.5,"fopng/fisher_overlap/topk_iou":0.06084888590187665,"fopng/eval/acc_task_1":0.3795,"fopng/fisher/min":0,"fopng/fisher/max":0.94258713722229,"fopng/eval/acc_task_2":0.666,"fopng/train/rho_avg":0.9999984115362167,"fopng/eval/acc_task_3":0.5,"fopng/fisher_overlap/pearson":0.014451753348112106,"fopng/fisher_overlap/cosine":0.5072648525238037,"fopng/train/loss":0.8834793984889984,"task":3,"_runtime":395,"_step":45,"fopng/eval/acc_task_5":0.502,"_wandb":{"runtime":395},"_timestamp":1.7748149976303716e+09,"fopng/memory/G_cols":800,"fopng/eval/bwt":-0.47500000000000003}