{"fopng/fisher/mean":0.023451566696166992,"fopng/memory/G_cols":100,"_runtime":46,"fopng/eval/acc_task_3":0.5256136606189968,"fopng/eval/acc_task_1":0.9981087470449173,"fopng/global_epoch":7,"task":2,"_timestamp":1.7751452449737716e+09,"fopng/fisher/max":1,"fopng/eval/acc_task_2":0.4691478942213516,"fopng/eval/acc_task_5":0.5421079172970247,"_step":9,"fopng/eval/acc_task_4":0.5176233635448136,"fopng/fisher_overlap/cosine":1,"_wandb":{"runtime":46},"fopng/fisher/min":0,"fopng/train/rho_avg":0.986928022156159,"fopng/fisher_overlap/topk_iou":1,"fopng/train/loss":3.491964469353358,"task_completed":1,"fopng/fisher_overlap/pearson":1}