{"fopng/global_epoch":79,"fopng/train/loss":0.4039438471198082,"fopng/train/rho_avg":0.9807403162121773,"fopng/eval/acc_task_4":0.491,"_step":85,"fopng/eval/acc_task_3":0.7715,"fopng/eval/acc_task_1":0.481,"fopng/fisher_overlap/topk_iou":0.19838813292063306,"_wandb":{"runtime":512},"fopng/fisher_overlap/pearson":0.3994305729866028,"fopng/fisher/min":0,"fopng/fisher/mean":0.04395482316613197,"fopng/eval/acc_task_5":0.565,"fopng/memory/G_cols":750,"_runtime":512,"task":4,"fopng/eval/bwt":-0.331,"fopng/fisher_overlap/cosine":0.536795437335968,"_timestamp":1.7748679553216681e+09,"task_completed":3,"fopng/eval/acc_task_2":0.5,"fopng/fisher/max":0.8391058444976807}