{"_step":17,"_timestamp":1.7749860862077312e+09,"fopng/memory/G_cols":100,"fopng/eval/acc_task_3":0.5186766275346851,"task":2,"fopng/fisher/max":0.6680269837379456,"task_completed":2,"fopng/fisher_overlap/cosine":0.2865223288536072,"fopng/fisher_overlap/topk_iou":0.0315006468305304,"fopng/train/rho_avg":0.9976523580650488,"fopng/fisher/mean":0.029807977378368378,"_wandb":{"runtime":43},"fopng/eval/acc_task_1":0.9990543735224586,"fopng/train/loss":1.6210191572705905,"fopng/global_epoch":13,"fopng/eval/bwt":-0.00047281323877068626,"fopng/fisher_overlap/pearson":-0.042765967547893524,"fopng/fisher/min":0,"fopng/eval/acc_task_5":0.4876449823499748,"_runtime":43,"fopng/eval/acc_task_4":0.5176233635448136,"fopng/eval/acc_task_2":0.455435847208619}