{"fopng/fisher_overlap/topk_iou":0.35219369231442194,"fopng/train/rho_avg":1,"fopng/eval/acc_task_4":0.7545,"fopng/eval/bwt":-0.23512500000000003,"_step":86,"fopng/eval/acc_task_2":0.5455,"fopng/train/loss":0.1342938259243965,"fopng/fisher/mean":6.759916686860379e-06,"task":5,"fopng/fisher_overlap/cosine":6.974730058573186e-05,"FOPNG Overlapping Accuracies (Colored)":{"_type":"image-file","sha256":"ace49a518b82de71bfe1f8b4c464c2b5722043bb9efe4d1c15c90467c1991f97","size":79025,"path":"media/images/FOPNG Overlapping Accuracies (Colored)_85_ace49a518b82de71bfe1.png","format":"png","width":1000,"height":600},"fopng/fisher_overlap/pearson":4.871618148172274e-05,"fopng/memory/G_cols":300,"task_completed":5,"fopng/global_epoch":74,"fopng/eval/acc_task_3":0.544,"fopng/eval/acc_task_5":0.9305,"fopng/fisher/max":0.5,"fopng/fisher/min":0,"_wandb":{"runtime":379},"_timestamp":1.7747438305174448e+09,"fopng/eval/average_accuracy":0.6996,"_runtime":379,"fopng/eval/acc_task_1":0.7235}