{"fopng/fisher_overlap/pearson":0.4028065502643585,"_timestamp":1.775148168718789e+09,"fopng/eval/average_accuracy":0.8247297719931119,"fopng/memory/G_cols":300,"fopng/train/loss":0.18563383675002038,"task":5,"fopng/fisher/max":0.45701611042022705,"fopng/train/rho_avg":0.9851186744710232,"_wandb":{"runtime":90},"task_completed":5,"FOPNG FRECHET CORR MATRIX":{"width":800,"height":600,"_type":"image-file","sha256":"d72a4d6c95e40ad989559e80e5023bcd4f766eda2c020ccc77918a532c5f8005","size":32589,"path":"media/images/FOPNG FRECHET CORR MATRIX_35_d72a4d6c95e40ad98955.png","format":"png"},"fopng/eval/acc_task_5":0.9515885022692889,"fopng/fisher_overlap/topk_iou":0.2396610696517413,"fopng/eval/acc_task_2":0.5705190989226249,"fopng/fisher/min":0,"fopng/eval/acc_task_1":0.9990543735224586,"fopng/eval/bwt":-0.18207004059634133,"fopng/fisher_overlap/cosine":0.735977292060852,"fopng/eval/acc_task_4":0.9637462235649547,"_runtime":90,"_step":37,"fopng/fisher/mean":0.026174271479249,"fopng/global_epoch":24,"FOPNG Overlapping Accuracies (Colored)":{"path":"media/images/FOPNG Overlapping Accuracies (Colored)_36_79b9a8b83780e9f58ca8.png","format":"png","width":1000,"height":600,"_type":"image-file","sha256":"79b9a8b83780e9f58ca819441b624cb80a21872f910ac29616c5f6dc6a4800a3","size":77162},"fopng/eval/acc_task_3":0.6387406616862327}