{"fopng/train/rho_avg":0.9999999317030112,"fopng/fisher_overlap/pearson":1,"_wandb":{"runtime":36},"fopng/eval/acc_task_4":0.5161127895266868,"fopng/fisher/max":1,"fopng/memory/G_cols":150,"fopng/eval/acc_task_2":0.5053868756121449,"_timestamp":1.7755897618414333e+09,"fopng/train/loss":0.0953208200323085,"task_completed":1,"fopng/fisher_overlap/topk_iou":1,"fopng/fisher_overlap/cosine":1,"task":2,"fopng/eval/acc_task_5":0.5577407967725668,"_runtime":36,"fopng/eval/acc_task_1":0.9990543735224586,"_step":8,"fopng/global_epoch":6,"fopng/eval/acc_task_3":0.5250800426894343,"fopng/fisher/min":0,"fopng/fisher/mean":9.431858779862523e-05}