{"task":1,"_timestamp":1.7747302808921137e+09,"_step":2,"fopng/train/loss":0.005751070901169442,"fopng/global_epoch":2,"_wandb":{"runtime":30},"_runtime":30}