{"fopng/eval/acc_task_5":0.9245,"FOPNG Overlapping Accuracies (Colored)":{"_type":"image-file","sha256":"b32d20221dd58940356220404cacb734a71bc0ebc3b17d2870400a8b2665a706","size":80209,"path":"media/images/FOPNG Overlapping Accuracies (Colored)_110_b32d20221dd589403562.png","format":"png","width":1000,"height":600},"fopng/eval/acc_task_1":0.7745,"fopng/eval/bwt":-0.2535,"task":5,"fopng/fisher_overlap/topk_iou":0.2834028253158255,"fopng/eval/acc_task_4":0.638,"fopng/fisher_overlap/cosine":0.12123867124319077,"fopng/fisher/max":0.5,"_timestamp":1.774748786929979e+09,"fopng/memory/G_cols":750,"fopng/fisher/mean":2.5628334697103128e-05,"fopng/eval/acc_task_2":0.504,"fopng/train/loss":0.05909998747520149,"fopng/train/rho_avg":0.999178072810173,"fopng/fisher_overlap/pearson":0.1210867390036583,"_runtime":1779,"_wandb":{"runtime":1779},"_step":111,"fopng/eval/acc_task_3":0.624,"fopng/global_epoch":99,"fopng/eval/average_accuracy":0.693,"task_completed":5,"fopng/fisher/min":1.83884090647401e-18}