{"_step":22,"fopng/train/loss":13.017755270004272,"fopng/fisher_overlap/topk_iou":0.1314743862636583,"fopng/fisher/mean":0.0003096648142673075,"fopng/eval/acc_task_3":0.6755602988260405,"_runtime":35,"task":3,"_wandb":{"runtime":35},"fopng/fisher_overlap/cosine":0.5107197165489197,"task_completed":2,"fopng/memory/G_cols":200,"fopng/eval/acc_task_5":0.475542107917297,"fopng/fisher/max":0.9236019849777222,"fopng/fisher_overlap/pearson":0.5100801587104797,"fopng/eval/acc_task_1":0.9990543735224586,"fopng/eval/bwt":0,"_timestamp":1.7747327753776898e+09,"fopng/fisher/min":0,"fopng/eval/acc_task_4":0.324269889224572,"fopng/train/rho_avg":0.9459802657365799,"fopng/eval/acc_task_2":0.6503428011753183,"fopng/global_epoch":18}