{"_runtime":14,"_wandb":{"runtime":14},"task":1,"_timestamp":1.7749130572005084e+09,"_step":3,"fopng/train/loss":0.3429302856326103,"fopng/global_epoch":3}