{"fopng/fisher_overlap/topk_iou":0.09258455706031471,"fopng/global_epoch":24,"fopng/eval/acc_task_1":0.46099290780141844,"fopng/eval/bwt":-0.3567553181875313,"fopng/eval/acc_task_3":0.5352187833511206,"fopng/train/loss":1.0132229002390771,"fopng/eval/acc_task_4":0.5609264853977844,"fopng/eval/acc_task_2":0.5048971596474046,"fopng/train/rho_avg":0.9999999898545285,"_wandb":{"runtime":317},"_timestamp":1.774718418873158e+09,"fopng/eval/acc_task_5":0.9722642460917801,"fopng/fisher/max":0.30000001192092896,"task":5,"FOPNG Overlapping Accuracies (Colored)":{"sha256":"07a03c29fe6086f0c7630eaf3250b299cf1f8abc955ec30c87dd81debb41a656","size":85934,"path":"media/images/FOPNG Overlapping Accuracies (Colored)_35_07a03c29fe6086f0c763.png","format":"png","width":1000,"height":600,"_type":"image-file"},"fopng/eval/average_accuracy":0.6068599164579016,"_step":36,"fopng/fisher_overlap/cosine":0.00378281413577497,"fopng/fisher_overlap/pearson":0.0025644211564213037,"_runtime":317,"fopng/fisher/mean":0.00010781959281302989,"fopng/fisher/min":0,"task_completed":5,"fopng/memory/G_cols":237}