{"fopng/train/rho_avg":0.9999998524785042,"fopng/global_epoch":34,"fopng/train/loss":0.7161132395267487,"task_completed":5,"fopng/fisher/mean":3.449300038482761e-06,"fopng/eval/bwt":-0.09537499999999999,"fopng/fisher/min":0,"fopng/eval/acc_task_1":0.5,"fopng/eval/average_accuracy":0.5,"_runtime":116,"fopng/fisher_overlap/topk_iou":0.6728222195164847,"_step":46,"fopng/fisher_overlap/cosine":8.814641377918875e-11,"_wandb":{"runtime":116},"task":5,"fopng/fisher_overlap/pearson":-6.193242370500229e-06,"fopng/eval/acc_task_5":0.5,"fopng/eval/acc_task_3":0.5,"fopng/eval/acc_task_2":0.5,"fopng/memory/G_cols":120,"fopng/fisher/max":0.5,"_timestamp":1.7747421431442652e+09,"FOPNG Overlapping Accuracies (Colored)":{"_type":"image-file","sha256":"379977165cdb989b3b2e12629bc6754ddff157faa26226667464ac7a303e88b2","size":50317,"path":"media/images/FOPNG Overlapping Accuracies (Colored)_45_379977165cdb989b3b2e.png","format":"png","width":1000,"height":600},"fopng/eval/acc_task_4":0.5}