{"fopng/fisher/min":0,"fopng/train/rho_avg":0.9991442350049814,"task_completed":1,"fopng/eval/acc_task_2":0.6214495592556317,"_timestamp":1.77472693736678e+09,"fopng/fisher/max":1,"_runtime":78,"_step":9,"fopng/global_epoch":7,"fopng/fisher_overlap/cosine":1,"fopng/fisher_overlap/topk_iou":1,"fopng/eval/acc_task_1":0.9985815602836879,"fopng/fisher_overlap/pearson":1,"fopng/eval/acc_task_5":0.49067070095814425,"fopng/eval/acc_task_4":0.3081570996978852,"fopng/fisher/mean":3.196463148924522e-05,"fopng/memory/G_cols":50,"task":2,"_wandb":{"runtime":78},"fopng/eval/acc_task_3":0.47545357524012805,"fopng/train/loss":2.5126446151042185e+06}