{"fopng/global_epoch":34,"FOPNG Overlapping Accuracies (Colored)":{"path":"media/images/FOPNG Overlapping Accuracies (Colored)_45_973f2a6d508c58891006.png","format":"png","width":1000,"height":600,"_type":"image-file","sha256":"973f2a6d508c58891006c3d6694d9964dc647c801d5a55105404af540a8fe6d7","size":83275},"task_completed":5,"fopng/fisher_overlap/topk_iou":0.30348068932634015,"_step":46,"fopng/fisher/max":0.30113428831100464,"fopng/eval/acc_task_4":0.9944612286002014,"fopng/memory/G_cols":200,"_wandb":{"runtime":728},"fopng/fisher_overlap/cosine":0.5844762921333313,"fopng/eval/acc_task_5":0.9752899646999496,"fopng/train/rho_avg":0.9997979630815222,"fopng/fisher/min":0,"fopng/eval/acc_task_3":0.7892209178228389,"fopng/eval/acc_task_1":0.88274231678487,"fopng/eval/acc_task_2":0.5176297747306562,"fopng/train/loss":0.05447627423192434,"fopng/eval/average_accuracy":0.8318688405277032,"_runtime":728,"fopng/eval/bwt":-0.1956894022024899,"_timestamp":1.7751469871058447e+09,"fopng/fisher/mean":0.012421349994838238,"task":5,"fopng/fisher_overlap/pearson":0.4292217493057251}