{"fopng/eval/acc_task_2":0.534,"fopng/eval/acc_task_5":0.5,"fopng/eval/bwt":-0.38349999999999995,"fopng/fisher/max":0.7605103254318237,"fopng/eval/acc_task_3":0.5,"fopng/train/loss":0.41796828210353854,"fopng/fisher/mean":1.0219950127066113e-05,"fopng/fisher_overlap/pearson":0.20390820503234863,"_runtime":300,"_step":18,"_timestamp":1.7755798457369354e+09,"task_completed":2,"_wandb":{"runtime":300},"task":3,"fopng/fisher_overlap/cosine":0.2039632797241211,"fopng/eval/acc_task_4":0.5,"fopng/global_epoch":14,"fopng/eval/acc_task_1":0.526,"fopng/train/rho_avg":0.9995532721281052,"fopng/memory/G_cols":40,"fopng/fisher_overlap/topk_iou":0.22509468643153988,"fopng/fisher/min":0}