{"fopng/global_epoch":34,"fopng/eval/acc_task_3":0.7171824973319103,"fopng/eval/average_accuracy":0.7748805257227942,"fopng/eval/bwt":-0.1877295785022408,"fopng/train/loss":0.27466782325125755,"_wandb":{"runtime":286},"fopng/fisher/max":0.34451547265052795,"fopng/fisher_overlap/cosine":0.13180461525917053,"task_completed":5,"task":5,"_step":46,"fopng/fisher/mean":0.00021482146985363215,"fopng/eval/acc_task_5":0.9238527483610691,"fopng/fisher/min":0,"fopng/eval/acc_task_1":0.7971631205673759,"fopng/eval/acc_task_4":0.9415911379657603,"_timestamp":1.7747286710423408e+09,"FOPNG Overlapping Accuracies (Colored)":{"size":73380,"path":"media/images/FOPNG Overlapping Accuracies (Colored)_45_e380dede237c8e4ca493.png","format":"png","width":1000,"height":600,"_type":"image-file","sha256":"e380dede237c8e4ca493c3408ac196e8d4956825f6fc8382510cbe7c3e234c94"},"fopng/train/rho_avg":0.9890647416419172,"fopng/memory/G_cols":237,"fopng/fisher_overlap/pearson":0.12919016182422638,"_runtime":286,"fopng/fisher_overlap/topk_iou":0.45571901071234633,"fopng/eval/acc_task_2":0.49461312438785504}