{"fopng/fisher/min":0,"fopng/eval/bwt":-0.3182894441318598,"fopng/fisher_overlap/topk_iou":0.13669000280033605,"fopng/eval/acc_task_1":0.46335697399527187,"fopng/fisher_overlap/cosine":0.005059482529759407,"fopng/fisher/mean":6.0878410295117646e-05,"fopng/fisher/max":0.5,"fopng/train/loss":0.02487235617410668,"fopng/eval/acc_task_4":0.5171198388721048,"_wandb":{"runtime":59},"fopng/memory/G_cols":300,"fopng/train/rho_avg":0.99999869547107,"_timestamp":1.7747322394704847e+09,"_step":26,"task_completed":3,"task":3,"fopng/eval/acc_task_2":0.8927522037218414,"fopng/fisher_overlap/pearson":0.00455484027042985,"_runtime":59,"fopng/eval/acc_task_3":0.9983991462113126,"fopng/global_epoch":20,"fopng/eval/acc_task_5":0.48714069591527986}