{"fopng/train/loss":0.02802967783955342,"fopng/fisher/min":0,"_timestamp":1.7747130656169488e+09,"fopng/fisher/max":0.30000001192092896,"fopng/eval/bwt":-0.26908114454943954,"_step":36,"fopng/fisher/mean":2.2415762941818684e-05,"fopng/fisher_overlap/pearson":6.152159767225385e-05,"fopng/fisher_overlap/cosine":0.00017785093223210424,"task":5,"fopng/train/rho_avg":0.9999999239089641,"task_completed":5,"fopng/eval/average_accuracy":0.7791232066218338,"fopng/global_epoch":24,"fopng/eval/acc_task_1":0.68274231678487,"fopng/memory/G_cols":237,"_wandb":{"runtime":192},"fopng/eval/acc_task_5":0.9939485627836612,"fopng/eval/acc_task_3":0.7065101387406617,"_runtime":192,"FOPNG Overlapping Accuracies (Colored)":{"_type":"image-file","sha256":"5df6a12224a4114ceb0e347b7ada56ccfdcf7401f902ce6ed57f9421acd52f50","size":84795,"path":"media/images/FOPNG Overlapping Accuracies (Colored)_35_5df6a12224a4114ceb0e.png","format":"png","width":1000,"height":600},"fopng/fisher_overlap/topk_iou":0.19203169382568397,"fopng/eval/acc_task_2":0.5239960822722821,"fopng/eval/acc_task_4":0.9884189325276939}