{"_step":23,"fopng/train/loss":0.5314806371927261,"fopng/eval/acc_task_3":0.579,"fopng/global_epoch":19,"fopng/fisher/min":0,"fopng/fisher_overlap/cosine":0.05208669230341911,"fopng/eval/acc_task_5":0.5,"task":2,"_timestamp":1.7749177923599885e+09,"fopng/fisher_overlap/topk_iou":0.20755605249220266,"fopng/fisher_overlap/pearson":0.05113154649734497,"fopng/train/rho_avg":0.9999967366456985,"fopng/fisher/mean":5.129365945322206e-06,"fopng/eval/bwt":-0.02200000000000002,"fopng/memory/G_cols":100,"fopng/fisher/max":0.014830934815108776,"_wandb":{"runtime":168},"fopng/eval/acc_task_4":0.5065,"fopng/eval/acc_task_2":0.736,"_runtime":168,"task_completed":2,"fopng/eval/acc_task_1":0.8945}