{"fopng/fisher_overlap/cosine":0.40574124455451965,"fopng/eval/acc_task_4":0.545,"_runtime":715,"fopng/eval/acc_task_3":0.4905,"fopng/eval/bwt":-0.31000000000000005,"_wandb":{"runtime":715},"fopng/eval/acc_task_5":0.5015,"fopng/fisher/max":1,"fopng/fisher_overlap/pearson":0.30814310908317566,"task_completed":2,"fopng/fisher/min":0,"fopng/train/rho_avg":0.9890655636787414,"fopng/fisher/mean":0.028299029916524887,"fopng/train/loss":0.4976234257221222,"fopng/eval/acc_task_1":0.625,"fopng/memory/G_cols":500,"_step":43,"fopng/eval/acc_task_2":0.739,"task":2,"_timestamp":1.7748115471491148e+09,"fopng/global_epoch":39,"fopng/fisher_overlap/topk_iou":0.17580318709199236}