{"_timestamp":1.7751473167396088e+09,"_wandb":{"runtime":9},"_runtime":9,"_step":3,"fopng/train/loss":0.0033649237465579063,"fopng/global_epoch":3,"task":1}