{"_timestamp":1.775003501878343e+09,"_step":0,"fopng/train/loss":1.9680695974826812,"fopng/global_epoch":0,"task":1,"_wandb":{"runtime":68},"_runtime":68}