{"fopng/eval/acc_task_3":0.47545357524012805,"fopng/global_epoch":14,"_runtime":68,"fopng/eval/acc_task_5":0.5229450327786183,"task_completed":2,"fopng/fisher/max":0.8606367111206055,"fopng/fisher_overlap/topk_iou":0.03021232611223567,"fopng/fisher_overlap/cosine":0.16556333005428314,"_timestamp":1.7751462434107544e+09,"fopng/train/rho_avg":0.9863528094508431,"fopng/train/loss":8.21260800009424,"_step":18,"fopng/fisher/min":0,"fopng/eval/acc_task_1":0.5295508274231678,"fopng/eval/acc_task_4":0.5166163141993958,"task":3,"fopng/fisher/mean":0.01755465753376484,"fopng/eval/bwt":-0.4695035460992908,"_wandb":{"runtime":68},"fopng/memory/G_cols":200,"fopng/fisher_overlap/pearson":-0.06426172703504562,"fopng/eval/acc_task_2":0.9133202742409402}