{"fopng/global_epoch":23,"fopng/eval/acc_task_3":0.5352187833511206,"fopng/eval/bwt":0.014455072322828166,"fopng/train/rho_avg":0.9937194536129633,"fopng/fisher_overlap/cosine":0.7336994409561157,"_runtime":67,"fopng/fisher/min":0,"fopng/eval/acc_task_5":0.4921835602622289,"fopng/fisher_overlap/pearson":0.32673561573028564,"fopng/eval/acc_task_2":0.480411361410382,"fopng/memory/G_cols":100,"_wandb":{"runtime":67},"fopng/fisher_overlap/topk_iou":0.13713559060171374,"fopng/fisher/max":0.7997487187385559,"fopng/train/loss":6.722956518332164,"fopng/fisher/mean":0.051387201994657516,"fopng/eval/acc_task_4":0.5176233635448136,"_timestamp":1.7749859204419723e+09,"task_completed":3,"fopng/eval/acc_task_1":0.9990543735224586,"task":4,"_step":29}