{"_timestamp":1.7749856494005857e+09,"fopng/fisher/mean":0.03063073940575123,"fopng/eval/acc_task_4":0.5176233635448136,"_step":19,"fopng/train/rho_avg":0.9545723213390871,"_runtime":53,"_wandb":{"runtime":53},"fopng/eval/acc_task_1":0.9990543735224586,"fopng/fisher_overlap/topk_iou":0.0315006468305304,"fopng/eval/acc_task_2":0.44172380019588636,"fopng/eval/bwt":-0.00047281323877068626,"fopng/fisher_overlap/pearson":-0.04630552604794502,"fopng/eval/acc_task_3":0.5218783351120597,"fopng/global_epoch":15,"fopng/train/loss":6.702337796037847,"fopng/fisher/min":0,"fopng/fisher_overlap/cosine":0.28590601682662964,"fopng/fisher/max":0.6870847344398499,"task":3,"fopng/eval/acc_task_5":0.4896621280887544,"fopng/memory/G_cols":200,"task_completed":2}