{"fopng/eval/acc_task_5":0.5365607665153808,"fopng/eval/bwt":-5.487745602748839e-05,"fopng/fisher_overlap/pearson":0.49406540393829346,"FOPNG Overlapping Accuracies (Colored)":{"path":"media/images/FOPNG Overlapping Accuracies (Colored)_36_6c7e8b00df6e6a744b14.png","format":"png","width":1000,"height":600,"_type":"image-file","sha256":"6c7e8b00df6e6a744b1408c9ffc3bbbaf567e7b76524ab0aa8609f5375c189fe","size":41876},"fopng/global_epoch":24,"fopng/fisher_overlap/topk_iou":0.22590647021140295,"fopng/fisher/min":0,"_step":37,"fopng/eval/acc_task_3":0.5352187833511206,"fopng/train/loss":3.8077752539452088,"_wandb":{"runtime":119},"fopng/memory/G_cols":200,"fopng/eval/average_accuracy":0.6091703996002709,"fopng/eval/acc_task_1":0.9990543735224586,"fopng/eval/acc_task_2":0.4573947110675808,"fopng/fisher/mean":0.05278272181749344,"fopng/train/rho_avg":0.9511631486263681,"fopng/fisher/max":0.7803613543510437,"_timestamp":1.7751475295886197e+09,"fopng/eval/acc_task_4":0.5176233635448136,"task":5,"task_completed":5,"_runtime":119,"fopng/fisher_overlap/cosine":0.810393750667572,"FOPNG FRECHET CORR MATRIX":{"width":800,"height":600,"_type":"image-file","sha256":"890e99bbee63796fdbb62b1736dd0a10323882333388230d15385669dae78980","size":32910,"path":"media/images/FOPNG FRECHET CORR MATRIX_35_890e99bbee63796fdbb6.png","format":"png"}}