{"baseline/eval/bwt":-0.09312499999999996,"fopng/eval/acc_task_3":0.96875,"fopng/fisher/mean":0.0004124143742956221,"fopng/train/rho_avg":0.9977179005742073,"baseline/eval/acc_task_3":0.98875,"fopng/memory/G_cols":240,"fopng/train/loss":0.15834389516908937,"fopng/eval/acc_task_2":0.9025,"task":3,"fopng/global_epoch":29,"_wandb":{"runtime":11},"fopng/fisher/max":0.08732067048549652,"fopng/eval/bwt":-0.07250000000000001,"fopng/eval/acc_task_1":0.9175,"task_completed":3,"fopng/fisher/min":0,"_runtime":11,"_timestamp":1.7734206061679845e+09,"baseline/eval/acc_task_1":0.84125,"baseline/train/loss":0.05881190638392582,"_step":68,"baseline/eval/acc_task_2":0.935,"baseline/global_epoch":29}