{"fopng/fisher/mean":0.03452329337596893,"fopng/global_epoch":15,"fopng/fisher/max":0.8694562911987305,"fopng/eval/bwt":0,"_wandb":{"runtime":100},"fopng/fisher_overlap/pearson":-0.05880943313241005,"fopng/eval/acc_task_2":0.4666993143976494,"fopng/eval/acc_task_4":0.5176233635448136,"fopng/eval/acc_task_5":0.5405950579929399,"fopng/fisher/min":0,"_step":19,"task_completed":2,"fopng/eval/acc_task_3":0.528281750266809,"task":3,"fopng/fisher_overlap/topk_iou":0.03529539060809349,"fopng/eval/acc_task_1":0.9981087470449173,"fopng/fisher_overlap/cosine":0.3979957699775696,"_runtime":100,"fopng/train/rho_avg":0.9528725946491415,"fopng/memory/G_cols":200,"_timestamp":1.7751461547393663e+09,"fopng/train/loss":5.024881568821994}