{"fopng/fisher_overlap/topk_iou":1,"fopng/fisher/max":1,"fopng/train/loss":0.4653117585306366,"fopng/memory/G_cols":100,"_wandb":{"runtime":42},"fopng/eval/acc_task_1":1,"fopng/fisher_overlap/cosine":1,"fopng/train/rho_avg":0.9999665034313997,"fopng/fisher/min":0,"fopng/eval/acc_task_3":0.5651013874066169,"fopng/global_epoch":10,"fopng/eval/acc_task_2":0.47845249755142016,"fopng/fisher/mean":0.006599376909434795,"_timestamp":1.7749169898497336e+09,"fopng/eval/acc_task_5":0.4568835098335855,"task_completed":1,"_step":12,"fopng/eval/acc_task_4":0.5861027190332326,"fopng/fisher_overlap/pearson":1,"_runtime":42,"task":2}