{"fopng/fisher_overlap/topk_iou":0.14796818198178743,"fopng/eval/acc_task_4":0.9914400805639476,"fopng/fisher_overlap/cosine":0.000440997100668028,"task_completed":5,"fopng/global_epoch":34,"fopng/fisher/mean":1.5472887415768355e-09,"_wandb":{"runtime":121},"_step":46,"fopng/eval/acc_task_2":0.6552399608227228,"fopng/train/loss":0.02582522529809118,"fopng/fisher/min":0,"_runtime":121,"fopng/train/rho_avg":0.9999833512813487,"fopng/eval/bwt":-0.23798684476930476,"fopng/fisher/max":3.7758836697321385e-05,"FOPNG Overlapping Accuracies (Colored)":{"format":"png","width":1000,"height":600,"_type":"image-file","sha256":"56ab8a6e787b1bdad6bd0db887d9f0bb3f45fbd64f27004c7432551f8b3a1f53","size":88580,"path":"media/images/FOPNG Overlapping Accuracies (Colored)_45_56ab8a6e787b1bdad6bd.png"},"_timestamp":1.774708675696461e+09,"fopng/eval/acc_task_3":0.8767342582710779,"fopng/fisher_overlap/pearson":1.9173810869688168e-05,"task":5,"fopng/eval/acc_task_5":0.9858799798285426,"fopng/eval/average_accuracy":0.801811574573381,"fopng/memory/G_cols":237,"fopng/eval/acc_task_1":0.49976359338061466}