{"fopng/eval/bwt":0.044499999999999984,"_runtime":188,"fopng/fisher_overlap/pearson":0.37076884508132935,"fopng/fisher/mean":0.0002788127458188683,"fopng/eval/acc_task_1":0.8285,"fopng/memory/G_cols":500,"fopng/eval/acc_task_2":0.7265,"fopng/eval/acc_task_3":0.5085,"fopng/fisher/min":0,"fopng/fisher/max":1,"fopng/train/loss":1.3846431642770767,"fopng/eval/acc_task_4":0.5,"fopng/eval/acc_task_5":0.4675,"task_completed":2,"task":3,"fopng/global_epoch":29,"_timestamp":1.775590292728828e+09,"fopng/fisher_overlap/topk_iou":0.28378378378378377,"_wandb":{"runtime":188},"fopng/train/rho_avg":0.9999530032277107,"fopng/fisher_overlap/cosine":0.3714408576488495,"_step":33}