{"fopng/eval/acc_task_2":0.5135,"task":5,"fopng/memory/G_cols":400,"fopng/eval/acc_task_3":0.461,"fopng/fisher_overlap/topk_iou":0.5316297333118628,"fopng/eval/acc_task_1":0.5,"fopng/fisher/max":0.5,"task_completed":5,"FOPNG Overlapping Accuracies (Colored)":{"sha256":"47bbe2a310816bbd019b0c23a136ce4aab01481195215b876880bc31798fe514","size":73683,"path":"media/images/FOPNG Overlapping Accuracies (Colored)_60_47bbe2a310816bbd019b.png","format":"png","width":1000,"height":600,"_type":"image-file"},"_wandb":{"runtime":396},"fopng/fisher/min":0,"fopng/fisher_overlap/pearson":0.0064240796491503716,"_step":61,"fopng/eval/acc_task_5":0.834,"fopng/fisher_overlap/cosine":0.006463914643973112,"fopng/train/loss":0.32398018166422843,"fopng/eval/acc_task_4":0.5,"fopng/global_epoch":49,"fopng/train/rho_avg":0.999062417447567,"fopng/eval/bwt":-0.198,"_timestamp":1.7747448676593423e+09,"fopng/eval/average_accuracy":0.5617,"fopng/fisher/mean":1.463794251321815e-05,"_runtime":396}