{"_runtime":120,"_timestamp":1.7755895441964958e+09,"fopng/fisher/max":0.300004243850708,"FOPNG Overlapping Accuracies (Colored)":{"height":600,"_type":"image-file","sha256":"4b4f0e491971ae7fde22a07fabf1cf7f4c296ff05a1e99bb0ad6da79c0b4917d","size":76054,"path":"media/images/FOPNG Overlapping Accuracies (Colored)_24_4b4f0e491971ae7fde22.png","format":"png","width":1000},"fopng/global_epoch":12,"_wandb":{"runtime":120},"fopng/memory/G_cols":300,"fopng/fisher/min":0,"task":5,"fopng/eval/acc_task_4":0.9914400805639476,"fopng/eval/acc_task_5":0.9732728189611699,"fopng/eval/bwt":-0.055171474605397175,"fopng/eval/average_accuracy":0.9438940573337732,"fopng/fisher_overlap/topk_iou":1,"FOPNG FRECHET CORR MATRIX":{"format":"png","width":800,"height":600,"_type":"image-file","sha256":"d30c7967723060e1d595ef8ad97dffc6bb858d226f70ba8a1658a23c5e28b746","size":30101,"path":"media/images/FOPNG FRECHET CORR MATRIX_23_d30c7967723060e1d595.png"},"fopng/fisher_overlap/cosine":1,"fopng/train/loss":0.11695602758133665,"task_completed":5,"fopng/fisher_overlap/pearson":1,"fopng/train/rho_avg":0.9999994977991632,"fopng/fisher/mean":4.063930464326404e-05,"_step":25,"fopng/eval/acc_task_1":0.891725768321513,"fopng/eval/acc_task_3":0.983991462113127,"fopng/eval/acc_task_2":0.8790401567091087}