{"_step":19,"fopng/train/loss":0.1479323910549283,"fopng/global_epoch":19,"task":1,"_timestamp":1.774815675800141e+09,"_wandb":{"runtime":70},"_runtime":70}