{"task":2,"fopng/memory/G_cols":200,"fopng/global_epoch":29,"fopng/eval/acc_task_5":0.5,"_runtime":316,"fopng/eval/acc_task_3":0.5,"task_completed":2,"_timestamp":1.7747456886139753e+09,"fopng/fisher_overlap/cosine":3.604833409553976e-07,"fopng/eval/acc_task_1":0.5,"fopng/train/rho_avg":0.9999998852610588,"fopng/train/loss":0.7038561969995498,"_step":32,"_wandb":{"runtime":316},"fopng/fisher_overlap/topk_iou":1,"fopng/fisher/min":0,"fopng/eval/acc_task_2":0.5,"fopng/fisher/mean":3.223844032618217e-06,"fopng/fisher_overlap/pearson":-2.8720878617605194e-06,"fopng/eval/acc_task_4":0.5,"fopng/fisher/max":0.5000001788139343}