{"fopng/train/loss":0.48694569393992426,"fopng/global_epoch":4,"task":1,"_wandb":{"runtime":16},"_runtime":16,"_timestamp":1.775597084899117e+09,"_step":4}