{"_runtime":56,"fopng/fisher_overlap/cosine":0.2897549271583557,"fopng/eval/acc_task_1":0.9990543735224586,"fopng/eval/acc_task_2":0.45004897159647406,"fopng/eval/acc_task_4":0.5176233635448136,"fopng/fisher/mean":0.023255709558725357,"fopng/fisher_overlap/pearson":-0.04025809094309807,"fopng/fisher/min":0,"fopng/train/loss":5.019604271108454,"fopng/eval/bwt":-0.00047281323877068626,"fopng/eval/acc_task_3":0.5186766275346851,"_timestamp":1.7750039623289766e+09,"fopng/global_epoch":18,"fopng/fisher_overlap/topk_iou":0.033762978488931145,"_wandb":{"runtime":56},"fopng/eval/acc_task_5":0.4881492687846697,"task_completed":2,"_step":22,"fopng/train/rho_avg":0.9349865412170236,"fopng/fisher/max":0.8050100803375244,"task":3,"fopng/memory/G_cols":200}