{"_wandb":{"runtime":122},"fopng/memory/G_cols":400,"fopng/eval/acc_task_4":0.5,"task":2,"fopng/train/rho_avg":0.9999013915657997,"fopng/fisher/max":1,"fopng/fisher_overlap/topk_iou":0.06442577030812324,"fopng/train/loss":0.516418332606554,"fopng/fisher_overlap/cosine":0.14036984741687775,"task_completed":2,"_runtime":122,"fopng/fisher/min":0,"fopng/fisher_overlap/pearson":0.05056832358241081,"fopng/fisher/mean":0.03381301835179329,"fopng/eval/acc_task_5":0.5,"fopng/eval/acc_task_2":0.658,"_step":33,"fopng/eval/acc_task_3":0.5,"fopng/eval/acc_task_1":0.5,"fopng/eval/bwt":-0.4355,"_timestamp":1.77481409329075e+09,"fopng/global_epoch":29}