{"_timestamp":1.7749183493449774e+09,"fopng/global_epoch":19,"fopng/train/loss":0.5937959372997283,"fopng/eval/acc_task_3":0.5,"fopng/eval/bwt":-0.379,"fopng/fisher/mean":0.004324493929743767,"fopng/eval/acc_task_5":0.524,"fopng/fisher_overlap/pearson":0.517987847328186,"fopng/eval/acc_task_1":0.5285,"_wandb":{"runtime":124},"fopng/eval/acc_task_4":0.5255,"task":2,"fopng/fisher_overlap/topk_iou":0.4809468822170901,"task_completed":2,"fopng/memory/G_cols":100,"fopng/train/rho_avg":0.9625494748353958,"fopng/fisher/min":0,"_runtime":124,"fopng/fisher/max":1,"_step":23,"fopng/fisher_overlap/cosine":0.5259149670600891,"fopng/eval/acc_task_2":0.683}