{"fopng/eval/acc_task_6":0.0681,"fopng/memory/G_cols":300,"_wandb":{"runtime":524},"fopng/eval/acc_task_3":0.0949,"fopng/eval/acc_task_2":0.1183,"fopng/eval/acc_task_10":0.1088,"task":2,"fopng/train/rho_avg":0.9999802317192306,"_step":12,"task_completed":2,"fopng/global_epoch":9,"_runtime":524,"fopng/fisher_overlap/cosine":0.007395927328616381,"_timestamp":1.7752240708841333e+09,"fopng/fisher_overlap/pearson":0.006915096193552017,"fopng/fisher/min":0,"fopng/fisher/max":0.7000000476837158,"fopng/eval/acc_task_5":0.1511,"fopng/eval/acc_task_1":0.9728,"fopng/train/loss":0.13744827139296575,"fopng/fisher/mean":8.170084038283676e-05,"fopng/fisher_overlap/topk_iou":0.0480989363683167,"fopng/eval/acc_task_4":0.0847,"fopng/eval/acc_task_8":0.1135,"fopng/eval/acc_task_7":0.0893,"fopng/eval/acc_task_9":0.144}