{"fopng/eval/acc_task_5":0.9561270801815431,"fopng/eval/acc_task_3":0.9578441835645678,"_runtime":94,"fopng/memory/G_cols":200,"_step":46,"fopng/train/loss":0.13059191594019215,"fopng/fisher/min":0,"_timestamp":1.7747328885454888e+09,"task_completed":5,"fopng/eval/average_accuracy":0.9646002407800104,"fopng/train/rho_avg":0.9999850684023918,"fopng/global_epoch":34,"fopng/eval/acc_task_2":0.9324191968658179,"fopng/eval/acc_task_1":0.9957446808510638,"fopng/fisher_overlap/pearson":0.0033380133099853992,"_wandb":{"runtime":94},"fopng/fisher/mean":0.00034970755223184824,"fopng/eval/acc_task_4":0.9808660624370594,"FOPNG Overlapping Accuracies (Colored)":{"height":600,"_type":"image-file","sha256":"6f6cfa1c819af112d398f0611c710a323bf46799ffd2dd09f352a5520e424b5b","size":66251,"path":"media/images/FOPNG Overlapping Accuracies (Colored)_45_6f6cfa1c819af112d398.png","format":"png","width":1000},"fopng/fisher_overlap/topk_iou":0.15513328182344988,"fopng/fisher_overlap/cosine":0.008777854032814503,"task":5,"fopng/fisher/max":0.5000714659690857,"fopng/eval/bwt":-0.009710893405552923}