{"_runtime":71,"fopng/train/loss":0.1876236030831933,"fopng/global_epoch":19,"task":1,"_timestamp":1.7749645259029458e+09,"_step":19,"_wandb":{"runtime":71}}