{"fopng/eval/acc_task_3":0.07635,"fopng/fisher/min":0,"fopng/eval/acc_task_1":0.9527,"fopng/fisher/mean":2.8162798759723273e-09,"_step":12,"fopng/train/rho_avg":0.9999996685524231,"_wandb":{"runtime":212},"fopng/fisher/max":0.00190915004350245,"task_completed":1,"fopng/memory/G_cols":80,"fopng/train/loss":1.3119315093418937,"_timestamp":1.77343563707029e+09,"_runtime":212,"fopng/global_epoch":10,"task":2,"fopng/eval/acc_task_2":0.09646666666666667}