{"fopng/eval/acc_task_1":0.502127659574468,"_wandb":{"runtime":124},"fopng/global_epoch":34,"fopng/memory/G_cols":200,"fopng/fisher_overlap/cosine":0.10955622792243958,"fopng/eval/acc_task_5":0.9924357034795764,"fopng/eval/average_accuracy":0.7993224573357991,"fopng/fisher/mean":4.549349978333339e-05,"_runtime":124,"fopng/fisher_overlap/pearson":0.10877136886119843,"fopng/eval/acc_task_4":0.9979859013091642,"fopng/train/loss":0.00901912699401556,"fopng/fisher/min":0,"fopng/eval/acc_task_2":0.5142017629774731,"fopng/fisher/max":0.5515477061271667,"fopng/fisher_overlap/topk_iou":0.13215314714766646,"task":5,"fopng/train/rho_avg":0.9999983082426355,"_step":46,"_timestamp":1.7747324204560623e+09,"task_completed":5,"fopng/eval/acc_task_3":0.9898612593383138,"fopng/eval/bwt":-0.24635001374364984,"FOPNG Overlapping Accuracies (Colored)":{"path":"media/images/FOPNG Overlapping Accuracies (Colored)_45_ce92d156ab15173c506a.png","format":"png","width":1000,"height":600,"_type":"image-file","sha256":"ce92d156ab15173c506afe7a418e4cb04e63984db368fdb76662dbdfe7ba92ca","size":82631}}