{"fopng/eval/acc_task_5":0.49268784669692384,"fopng/global_epoch":25,"fopng/fisher/mean":0.05185038596391678,"_timestamp":1.7749855891865468e+09,"fopng/eval/acc_task_1":0.9990543735224586,"fopng/train/rho_avg":0.9954031631350517,"fopng/memory/G_cols":200,"fopng/fisher_overlap/pearson":0.33681371808052063,"fopng/fisher/max":0.7940832376480103,"fopng/eval/acc_task_2":0.47110675808031344,"task_completed":3,"_wandb":{"runtime":82},"_step":31,"fopng/fisher_overlap/topk_iou":0.13927487051259155,"fopng/eval/bwt":0.014455072322828194,"task":4,"fopng/eval/acc_task_4":0.5176233635448136,"_runtime":82,"fopng/train/loss":5.461455394824346,"fopng/fisher/min":0,"fopng/fisher_overlap/cosine":0.7390073537826538,"fopng/eval/acc_task_3":0.5373532550693704}