{"fopng/eval/acc_task_3":0.6885,"fopng/eval/average_accuracy":0.6536,"_runtime":247,"fopng/fisher_overlap/topk_iou":0.41928344169318027,"task_completed":5,"fopng/train/rho_avg":0.9979968249797821,"fopng/eval/acc_task_2":0.515,"_wandb":{"runtime":247},"fopng/eval/acc_task_5":0.864,"_timestamp":1.7755954767287846e+09,"_step":65,"fopng/fisher_overlap/cosine":0.1982865333557129,"fopng/memory/G_cols":600,"fopng/eval/acc_task_4":0.522,"fopng/train/loss":0.28449325226247313,"fopng/eval/acc_task_1":0.6785,"FOPNG FRECHET CORR MATRIX":{"sha256":"2d472f4b7d547871feaa952c517869d34763552f73e27fc0f5289b156fa90e09","size":33038,"path":"media/images/FOPNG FRECHET CORR MATRIX_63_2d472f4b7d547871feaa.png","format":"png","width":800,"height":600,"_type":"image-file"},"fopng/global_epoch":52,"fopng/fisher/min":0,"task":5,"fopng/fisher/mean":0.00010937885235762224,"fopng/fisher_overlap/pearson":0.19786277413368225,"FOPNG Overlapping Accuracies (Colored)":{"width":1000,"height":600,"_type":"image-file","sha256":"b453b7b397014b51017df114fe12c010f04eba1cb26c85029f4ec747d884a2fd","size":85206,"path":"media/images/FOPNG Overlapping Accuracies (Colored)_64_b453b7b397014b51017d.png","format":"png"},"fopng/eval/bwt":-0.159375,"fopng/fisher/max":0.44816699624061584}