{"fopng/fisher/min":0,"_runtime":643,"_step":79,"fopng/memory/G_cols":750,"fopng/fisher/mean":0.05270000174641609,"fopng/fisher_overlap/cosine":0.5557726621627808,"fopng/eval/acc_task_4":0.5035,"_wandb":{"runtime":643},"fopng/eval/acc_task_5":0.5445,"fopng/fisher/max":0.8483702540397644,"fopng/train/loss":0.4980688378214836,"fopng/fisher_overlap/topk_iou":0.17897155989658145,"fopng/eval/bwt":-0.034499999999999975,"task":4,"fopng/eval/acc_task_3":0.748,"fopng/train/rho_avg":0.9880744040012359,"fopng/eval/acc_task_1":0.917,"fopng/fisher_overlap/pearson":0.38611868023872375,"fopng/global_epoch":73,"fopng/eval/acc_task_2":0.655,"task_completed":3,"_timestamp":1.7748686960395563e+09}