{"_step":4,"fopng/train/loss":0.20211037807166576,"fopng/global_epoch":4,"task":1,"_timestamp":1.775579494490816e+09,"_wandb":{"runtime":74},"_runtime":74}